accounting_office_cvr,accounting_office_name,mne_source_name,declarations_2025_2026,class_b,class_b_assistance,class_b_extended_review,class_b_audit,class_b_review,addressable_annual_reports,class_other
32895468,Beierholm,Beierholm,20599,19934,8736,6615,4351,226,15351,657
45719375,BDO,BDO,14388,13832,6165,6149,1502,12,12314,528
33771231,PricewaterhouseCoopers,PricewaterhouseCoopers,9356,7925,2278,2511,3122,9,4789,1348
24213714,Deloitte,Deloitte,7452,6396,1173,2908,2290,23,4081,960
34209936,Grant Thornton,Grant Thornton,6540,6335,3002,2693,612,27,5695,196
30700228,EY,EY,5917,4925,1188,1190,2543,2,2378,851
32285201,Martinsen,Martinsen,4860,4755,2202,1709,802,38,3911,104
29442789,Redmark,Redmark,3776,3692,1700,1119,866,7,2819,81
15807776,Partner Revision,Partner Revision,3336,3233,1625,1014,591,2,2639,102
25492145,RSM,RSM,2964,2901,1549,922,410,20,2471,61
35257691,Baker Tilly Denmark,Baker Tilly Denmark,2142,2092,820,743,524,4,1563,50
15915641,Christensen Kjærulff,Christensen Kjærulff,1904,1842,729,628,470,15,1357,62
19263096,Inforevision,Inforevision,1703,1647,506,428,702,10,934,53
37543128,Roesgaard,Roesgaard,1680,1596,553,503,538,1,1056,84
33241763,Aaen & Co.,Aaen & Co.,1048,1032,564,272,190,6,836,14
18061635,Sønderjyllands revision,Sønderjyllands revision,974,941,314,419,208,0,733,33
36029374,BUUS JENSEN I/S STATSAUTORISEREDE REVISORER,Buus Jensen,929,911,345,178,366,21,523,18
31824559,Sønderup,Sønderup Godkendt Revisionsaktieselskab,861,848,406,333,95,11,739,12
37315664,Revisionshuset Tal & Tanker,Revisionshuset Tal & Tanker,857,855,477,326,46,6,803,2
37999687,"JS Revision, Godkendt Revisionsaktieselskab","JS Revision, Godkendt Revisionsaktieselskab",845,842,583,175,83,0,758,3
39463113,Kreston CM,Kreston CM,766,751,334,182,229,4,516,15
38751646,Kovsted & Skovgård,Kovsted & Skovgård,754,749,458,237,52,1,695,5
29690065,Aros,Aros,722,719,441,240,38,0,681,3
25578198,KPMG,KPMG,708,471,52,91,305,17,143,229
34589992,Addere Revision,Addere Revision,694,674,307,125,239,3,432,20
21148148,Baagøe Schou,Baagøe Schou,679,673,330,131,208,4,461,6
25160037,Piaster Revisorerne,Piaster Revisorerne,658,651,338,184,127,1,522,7
35486178,Revisionsfirmaet Edelbo,Revisionsfirmaet Edelbo,632,613,221,106,286,0,327,19
33256876,Crowe,Crowe,625,609,223,241,138,7,464,16
89224918,Krøyer Pedersen Statsautoriserede Revisorer,Krøyer Pedersen Statsautoriserede Revisorer P/S,611,586,245,199,126,16,444,25
82218912,Dansk Revision Odense,Dansk Revision Odense,565,560,280,225,54,1,505,5
35382879,Albjerg,Albjerg,545,540,259,44,235,2,303,5
17524305,Nærrevision,Nærrevision,527,521,365,110,45,1,475,6
37121924,Øernes Revision,Øernes Revision,520,511,343,136,31,1,479,6
32093272,Ullits & Winther,Ullits & Winther,520,500,237,166,97,0,403,20
29695636,Revisionscentret Aabenraa,Revisionscentret Aabenraa,494,486,205,255,26,0,460,8
29919801,Dansk Revision Slagelse,Dansk Revision Slagelse,484,473,286,155,28,2,441,10
26267439,Revision Ry & Hammel,Revision Ry & Hammel,460,457,303,92,62,0,395,3
38914766,RéVision+,RéVision+ Statsautoriseret Revisionsanpartsselskab,458,458,336,104,17,1,440,0
14119299,PKF Munkebo Vindelev,PKF Munkebo Vindelev,458,453,88,21,343,1,109,5
28853343,Dansk Revision Holbæk,Dansk Revision Holbæk,448,441,245,132,62,2,377,6
30195264,Kallermann Revision,Kallermann Revision,448,441,183,46,212,0,229,7
26717671,Dansk Revision Århus,Dansk Revision Århus,446,438,265,105,62,6,370,7
78337818,Blicher Revision & Rådgivning,Blicher Revision & Rådgivning,429,425,247,72,102,4,319,4
36480254,Kvalitetsrevision,Kvalitetsrevision,417,415,279,118,18,0,397,2
17871080,VH Revision,VH Revision,409,409,223,169,17,0,392,0
14649905,Dansk Revision Søborg,Dansk Revision Søborg,408,404,225,104,75,0,329,3
26993695,Dansk Revision Esbjerg,Dansk Revision Esbjerg,381,372,234,114,24,0,348,8
28309791,Revision Sjælland,Revision Sjælland,372,369,220,106,43,0,326,2
77926410,Revisionsfirmaet Albrechtsen,Revisionsfirmaet Albrechtsen,369,363,202,60,101,0,262,6
19125742,Søby Revisorer,Søby Revisorer,368,368,251,96,20,0,347,0
32676421,Leif Mikkelsen & Partnere,Leif Mikkelsen & Partnere,368,362,243,102,17,0,345,6
27966675,Eco-Team,Eco-Team,362,361,253,6,96,6,259,1
36563877,TJEK Revision & Rådgivning,TJEK Revision & Rådgivning,359,357,225,119,12,0,344,2
10158117,Rådgivning & Revision,Rådgivning & Revision,351,351,191,13,146,1,204,0
12868693,Nejstgaard & Vetlov,Nejstgaard & Vetlov,346,344,207,89,48,0,296,2
33771177,Revision og Rådgivningsgruppen,Revision og Rådgivningsgruppen,345,342,220,83,39,0,303,3
18437082,Lægård Revision,Lægård Revision,334,329,192,105,29,1,297,5
25593995,Råd & Revision,REVISION & RÅD STATSAUTORISERET REVISIONSPARTNERSELSKAB,330,327,115,179,33,0,294,3
35649417,Harboe Consult,Harboe Consult,330,330,250,54,26,0,304,0
14678093,Dansk Revision Roskilde,Dansk Revision Roskilde,328,326,150,55,118,2,205,2
30707907,Status Revision,Status Revision,325,325,248,68,9,0,316,0
28991355,Trekroner Revision,Trekroner Revision,323,323,157,77,86,3,234,0
37135119,Revisionsfirmaet Lars Olsen,Revisionsfirmaet Lars Olsen,319,319,173,145,1,0,318,0
11286380,JL Revision,JL Revisorer,316,314,217,76,17,4,293,2
31626536,Anker Høst,Anker Høst,314,314,183,126,5,0,309,0
33946406,Robæk,Robæk,308,307,163,120,22,2,283,1
37557064,Advosion,Advosion,305,292,174,68,50,0,242,13
18282046,Bille & Buch-Andersen,Bille & Buch-Andersen,296,295,177,71,43,4,248,1
20336390,Dansk Revision Viborg,Dansk Revision Viborg,294,292,225,47,19,1,272,2
36074981,Boreco,Boreco,288,288,186,76,25,1,262,0
44282380,Powered-By Statsautoriseret Revisionspartnerselskab,Powered-By Statsautoriseret Revisionspartnerselskab,284,278,146,124,8,0,270,6
33948794,Kreston SR,Kreston SR,281,275,200,56,19,0,256,6
33167288,LPOG ApS,LPOG ApS,279,277,180,85,11,1,265,2
74717810,Rønne Revision,Rønne Revision,275,271,153,96,22,0,249,4
31579309,Lou Revision,Lou Revision,271,269,142,110,16,1,252,2
45071391,RevisorGården Holbæk A/S,RevisorGården Holbæk A/S,271,269,177,80,12,0,257,2
19233383,Optimal Revision,Optimal Revision,270,270,164,81,25,0,245,0
69305210,Revisions-Partner,Revisions-Partner,260,260,177,50,33,0,227,0
27905072,Sønderup & Partnere,Sønderup & Partnere,259,258,135,120,3,0,255,1
26580390,Dansk Revision Hillerød,Dansk Revision Hillerød,259,254,148,66,40,0,214,3
21696382,"Dalsgaard, Stahl & Wøldike","Dalsgaard, Stahl & Wøldike",254,253,145,92,16,0,237,1
39701863,2+ Revision,Revision 2,249,248,125,84,39,0,209,1
28842562,Barrett revisionsanpartsselskab,Barrett revisionsanpartsselskab,247,247,221,22,4,0,243,0
10422183,"Dahl, Rask & Partnere","Dahl, Rask & Partnere",246,245,155,86,4,0,241,1
86141019,Dansk Revision Frederikssund,Dansk Revision Frederikssund,244,244,160,42,41,1,202,0
18967901,BHA Statsautoriseret Revision,BHA Statsautoriseret Revision,241,240,136,62,42,0,198,1
34480370,Revimidt,Revimidt,240,237,180,54,3,0,234,3
20183497,Bays Revisionskontor,Bays Revisionskontor,239,238,198,37,3,0,235,1
37605255,Nordkyst Revision Godkendt Revisionspartnerselskab,Nordkyst Revision Godkendt Revisionspartnerselskab,237,237,184,45,8,0,229,0
28312393,Revisionsfirmaet John Schantz,Revisionsfirmaet John Schantz,230,230,160,57,11,2,217,0
70969815,K.T. Revision Vejle,K.T. Revision Vejle,230,228,107,101,20,0,208,2
16206407,W. Kragh,W. Kragh,228,226,123,81,22,0,204,2
34619654,Revision København Godkendt Revisionspartnerselskab,Revision København Godkendt Revisionspartnerselskab,227,225,154,50,20,1,204,2
18936305,Revisionscentret Ribe,Revisionscentret Ribe,227,226,167,53,6,0,220,1
29142807,Tønder Revision,Tønder Revision,223,223,143,42,38,0,185,0
12901038,Aage Maagensen,Aage Maagensen,223,213,91,86,27,9,177,10
35663916,Algade Revision,Algade Revision,223,223,136,47,40,0,183,0
38257846,RevisorDK,RevisorDK,222,222,176,46,0,0,222,0
36464852,ADDCO P/S Godkendte Revisorer,ADDCO P/S Godkendte Revisorer,221,221,167,38,13,3,205,0
17835998,Dansk Revision Aalborg,Dansk Revision Aalborg,218,216,116,70,30,0,186,2
31824559,Sønderup,Sønderup,217,217,192,16,4,5,208,0
10108454,Andersen,Andersen Revision,212,209,101,74,31,3,175,3
19536890,SR Revision,SR Revision,206,205,99,79,27,0,178,1
13835640,Korsgaard Revision,Korsgaard Revision,200,200,145,50,5,0,195,0
28939523,Ecovis Danmark,Ecovis Danmark,199,192,83,48,55,6,131,7
34351961,VKST Revision,VKST Revision,193,193,147,36,10,0,183,0
59051318,Profil Revision,Profil Revision,193,193,159,31,3,0,190,0
41578513,Revisions-Centret ApS,Revisions-Centret ApS,189,186,119,61,6,0,180,3
32327249,Revisionsfirmaet Edelbo & Lund-Larsen,Revisionsfirmaet Edelbo & Lund-Larsen,185,182,111,8,63,0,119,2
36920289,Dansk Revision Wulff & Haaning,Dansk Revision Wulff & Haaning,185,180,112,46,22,0,158,5
34879753,Revisionsfirmaet Tage Sørensen,Revisionsfirmaet Tage Sørensen,184,184,119,59,6,0,178,0
30077288,Complet Revision,Complet Revision,183,183,143,39,1,0,182,0
32451195,DLBR Revision,DLBR Revision,183,182,27,144,11,0,171,0
28320124,Christensen & Kjær,Christensen & Kjær,181,180,91,59,27,3,150,1
27525989,Skov Revision,Skov Revision,178,178,134,41,3,0,175,0
39701863,2+ Revision,2+ Revision,178,175,74,74,27,0,148,3
53371914,"Ri, Statsautoriseret Revisionsaktieselskab",Ri Statsautoriseret Revisionspartnerselskab,175,168,82,22,64,0,104,7
30816471,Dansk Revision Sønderborg,Dansk Revision Sønderborg,175,166,98,62,6,0,160,9
26659817,Revisionsfirmaet Per Kronborg,Revisionsfirmaet Per Kronborg,173,173,36,114,23,0,150,0
25172795,Dansk Revision Skive,Dansk Revision Skive,173,170,100,62,8,0,162,3
26923891,Revisionsfirmaet Lars Jeppesen,Revisionsfirmaet Lars Jeppesen ApS,172,172,152,15,5,0,167,0
12475780,Revision & Data,Revision & Data,172,172,154,18,0,0,172,0
17610430,GBH Revision & Rådgivning,GBH Revision & Rådgivning,168,168,120,38,7,3,158,0
73953413,RR Revision v/Benny Jakobsen,RR Revision v/Benny Jakobsen,168,168,121,42,5,0,163,0
38951394,Revisionscentret Sønderborg,Revisionscentret Sønderborg,168,168,125,42,0,1,167,0
27433863,Revision Vadestedet,Revision Vadestedet,167,165,80,45,34,6,125,2
21872741,Revisionsfirmaet Peder Holt,Revisionsfirmaet Peder Holt,164,164,103,60,1,0,163,0
27619096,Kreston JC,Kreston JC,163,162,84,42,35,1,126,1
33357966,Attiri,Attiri,162,162,120,37,5,0,157,0
33534841,Talkompagniet,Talkompagniet,162,161,86,66,9,0,152,1
19952193,Revisorerne i Skals,Revisorerne i Skals,162,162,125,33,4,0,158,0
76893713,ReviVision,ReviVision,162,162,120,34,8,0,154,0
36427205,Attent Statsautoriseret Revisionsanpartsselskab,Attent Statsautoriseret Revisionsanpartsselskab,159,155,68,61,26,0,129,4
44775530,Revision 360 Statsautoriseret Revisionsinteressentskab,Revision 360 Statsautoriseret Revisionsinteressentskab,158,157,82,37,38,0,119,1
37984558,Kjær Revision,Revision Kjær,157,157,133,18,5,0,151,0
32697674,Revisionsfirmaet Seiersen Revision,Revisionsfirmaet Seiersen Revision,157,156,114,35,7,0,149,1
26593093,Revisorhuset,Revisorhuset,156,156,109,47,0,0,156,0
29091331,2TalRevision,2TalRevision,156,154,95,52,7,0,147,2
34622310,V & CO,V & CO,155,155,77,59,19,0,136,0
87948412,Revida,Revida,155,155,127,19,6,3,146,0
39886871,Verum Cura,"Verum Cura, Godkendt Revisionsanpartsselskab",154,154,84,51,19,0,135,0
33150482,MBA Statsautoriseret Revisionsanpartsselskab,MBA Statsautoriseret Revisionsanpartsselskab,153,153,94,18,40,1,112,0
19857298,ReviTotal Statsautoriseret Revisionsfirma,ReviTotal Statsautoriseret Revisionsfirma,153,153,108,41,3,1,149,0
21447587,FER Fyns Erhvervsrevision,FER Fyns Erhvervsrevision,152,150,94,47,9,0,141,2
27096174,Lidegaard Revision & Rådgivning,Lidegaard Revision&Rådgivning,151,151,113,30,8,0,143,0
32291090,Revice,Revice,148,144,111,31,2,0,142,4
19154408,Krogh & Thomsen,Krogh & Thomsen,146,146,67,77,2,0,144,0
16645699,Revisionsfirmaet Axel Gram,Revisionsfirmaet Axel Gram,146,146,88,58,0,0,146,0
39065797,Midt Revision,Midt Revision,146,146,146,0,0,0,146,0
38695916,N.G. Christensen Statsautoriseret Revisionsanpartsselskab,N.G. Christensen Statsautoriseret Revisionsanpartsselskab,144,143,59,80,4,0,139,0
34213798,Advisor-Revision,Advisor-Revision,143,143,98,0,44,1,98,0
44401231,REVIFJORD Godkendt Revisionspartnerselskab,REVIFJORD Godkendt Revisionspartnerselskab,142,142,104,38,0,0,142,0
33088205,MunkStrunge,MunkStrunge,141,141,93,47,1,0,140,0
31501741,Revisionsfirmaet Ole Vestergaard,Revisionsfirmaet Ole Vestergaard,141,140,74,15,51,0,89,1
15618175,Compu Revision,Compu Revision,140,140,76,63,0,1,139,0
32160565,Agenda Revision,Agenda Revision,139,136,76,51,9,0,127,3
24256995,Haamann A/S,Haamann Statsautoriseret Revisionspartnerselskab,137,134,79,29,24,2,108,3
14788107,Aktiv Revision Silkeborg,Aktiv Revision Silkeborg,135,134,89,38,7,0,127,1
32671594,Bjørnlaursen,Bjørnlaursen,135,134,92,6,36,0,98,1
30905652,Ib Rohde,Ib Rohde,133,133,96,20,17,0,116,0
28902867,Revision- og Regnskabskontoret,Revision- og Regnskabskontoret,131,130,74,20,36,0,94,1
25593995,Råd & Revision,Revision & Råd,130,129,74,49,6,0,123,1
27096174,Lidegaard Revision & Rådgivning,Lidegaard Revision & Rådgivning,130,128,91,31,6,0,122,2
29619670,Willads & Vibe-Hastrup,Willads & Vibe-Hastrup,129,129,65,56,8,0,121,0
39886227,Talmennesker,Talmennesker,128,128,83,35,10,0,118,0
11790577,Kappelskov Revision,Kappelskov Revision,128,128,88,34,6,0,122,0
35407359,Din Revisor,Din Revisor,126,126,99,27,0,0,126,0
41943661,Lokal Revision - statsautoriseret revisionsanpartsselskab,Lokal Revision - statsautoriseret revisionsanpartsselskab,124,123,79,28,16,0,107,1
42936847,APEX Statsautoriserede revisorer ApS,APEX Statsautoriserede revisorer ApS,124,124,74,46,3,0,120,0
40689745,Vadskær Krømmelbein,Vadskær Krømmelbein,123,123,107,15,1,0,122,0
37821055,Lindeberg Storm Fischer,Lindeberg Storm Fischer,121,121,67,6,45,2,73,0
32344720,Mer Revision,Mer Revision,120,120,102,18,0,0,120,0
29618038,Center Revision Kjellerup,Center Revision Kjellerup,118,118,83,31,4,0,114,0
37029815,Revidata,Revidata,118,116,70,21,25,0,91,2
45016501,Din Revisor Svaneke ApS Godkendte revisorer,Din Revisor Svaneke ApS Godkendte revisorer,118,118,80,31,7,0,111,0
45000370,Agillix Fmba,Agillix Fmba,117,117,117,0,0,0,117,0
32469345,Schyberg Lykke Registreret Revisionsanpartsselskab,Schyberg Lykke Registreret Revisionsanpartsselskab,116,116,77,35,3,1,112,0
37858498,Bornholms Revision,Bornholms Revision,116,108,34,49,25,0,83,8
29168504,TT REVISION,TT REVISION,116,115,69,42,4,0,111,1
33861044,PJ Revision Statsautoriseret Revisionsanpartsselskab,PJ Revision Statsautoriseret Revisionsanpartsselskab,116,116,99,14,3,0,113,0
19674193,DSH-Revision,DSH-Revision,115,113,69,42,2,0,111,2
25510461,Sædding Revision,Sædding Revision,114,114,114,0,0,0,114,0
18587246,RevisorGruppen v/Lilly Jeppesen,RevisorGruppen v/Lilly Jeppesen,112,112,65,35,12,0,100,0
14795707,Dansk Revision Brønderslev,Dansk Revision Brønderslev,110,110,84,17,9,0,101,0
10019699,Danrevi Løgstør,Danrevi Løgstør,109,109,63,42,4,0,105,0
31061741,Mazars Statsautoriseret Revisionspartnerselskab,Mazars Statsautoriseret Revisionspartnerselskab,109,90,22,10,58,0,32,18
31885191,Bjarke Kjær,Bjarke Kjær,109,109,85,23,1,0,108,0
37596272,Revisionsfirmaet KRH,Revisionsfirmaet KRH ApS,107,107,87,20,0,0,107,0
37603686,Danica,Danica,105,105,89,14,2,0,103,0
35679154,Revisorhuset Hinnerup,Revisorhuset Hinnerup,104,104,67,35,1,1,102,0
14569391,DM Revision,DM Revision,103,103,85,18,0,0,103,0
26812372,Revisioncentret Tønder/Skærbæk,Revisioncentret Tønder/Skærbæk,102,102,62,32,8,0,94,0
20142146,Lerfeldt Revision,Lerfeldt Revision,101,101,96,5,0,0,101,0
32789153,Leth & Partnere,Leth & Partnere,101,101,79,13,9,0,92,0
31929342,Multi Revision,Multi Revision,100,98,69,29,0,0,98,2
28108303,Gilfelt Revision,Gilfelt Revision,100,100,62,23,15,0,85,0
39751445,Consens,Consens,100,100,54,39,7,0,93,0
26632315,Intension,Intension,99,99,71,27,1,0,98,0
14119507,MP Revision,MP Revision,98,97,36,61,0,0,97,1
34045607,Revisorkompagniet,Revisorkompagniet,98,96,58,27,11,0,85,2
98727558,Revisionsfirmaet Tommy Larsen,Revisionsfirmaet Tommy Larsen,97,97,83,11,3,0,94,0
35071199,Revisorgruppen v/Eva Kristensen og Lars Gotfredsen,Revisorgruppen v/Eva Kristensen og Lars Gotfredsen,97,97,63,23,11,0,86,0
20415991,J H Regnskab v/Jan Ekmann Hørsel,J H Regnskab v/Jan Ekmann Hørsel,95,95,78,6,11,0,84,0
17169483,Revsbæk Revision,Revsbæk Revision,95,91,67,19,3,2,86,0
36412143,E-Revisor.com,E-Revisor.com,95,95,75,19,1,0,94,0
26273110,Erhvervsrevisorerne i Vejle,Erhvervsrevisorerne i Vejle,94,94,60,24,10,0,84,0
30869052,velas I/S,velas I/S,94,94,67,26,0,1,93,0
31782139,CKF Revision ApS Godkendt revisionsfirma,CKF Revision ApS Godkendt revisionsfirma,94,94,61,33,0,0,94,0
38980149,Regnskabsfabrikanten,Regnskabsfabrikanten,94,94,67,27,0,0,94,0
27335616,Revisorerne Bastian og Krause,Revisorerne Bastian og Krause,93,93,65,9,19,0,74,0
41762667,"Grønlands Revision A/S, statsautoriserede revisorer",Grønlands Revision Godkendt Revisionspartnerselskab,93,84,19,30,35,0,49,9
16953199,Revisionsfirmaet Christian Danielsen,Revisionsfirmaet Christian Danielsen,92,92,65,23,3,0,88,0
26306175,FKS Revision,FKS Revision,92,92,78,14,0,0,92,0
21356190,Prima Revision,Prima Revision,91,91,77,12,2,0,89,0
26279534,Revisionscentret 5R Esbjerg,Revisionscentret 5R Esbjerg,91,91,66,25,0,0,91,0
30613791,Revisionsfirmaet Ivan Kjeldsen,Revisionsfirmaet Ivan Kjeldsen,90,90,64,9,16,1,73,0
30546792,Nyborg Erhvervsrevision,Nyborg Erhvervsrevision,90,90,66,21,3,0,87,0
13254192,Revisionsfirmaet Gutfelt,Revisionsfirmaet Gutfelt,89,89,40,45,4,0,85,0
41657332,Bro Søndergaard Statsautoriseret Revisionsanpartsselskab,Bro Søndergaard Statsautoriseret Revisionsanpartsselskab,89,88,30,22,28,8,52,1
30719131,Landbrugsrådgivning Syd,Landbrugsrådgivning Syd,89,89,89,0,0,0,89,0
27428843,Sagro,Sagro,89,89,61,28,0,0,89,0
29538565,Statsaut. Revisor J Løbner,Statsaut. Revisor J Løbner,88,88,66,8,14,0,74,0
68497817,Møller-Jensen Statsautoriseret Revisionsanpartsselskab,Møller-Jensen Statsautoriseret Revisionsanpartsselskab,88,87,54,31,2,0,85,1
38140515,HJ Revision ApS,HJ Revision ApS,88,88,88,0,0,0,88,0
20452897,Plus Revision,Plus Revision,86,86,57,26,3,0,83,0
33649452,Harboe og B.,Harboe og B.,85,85,75,10,0,0,85,0
16347299,ReviNord,ReviNord,82,81,63,15,3,0,78,0
35827943,Klar Revision,Klar Revision,81,81,66,11,4,0,77,0
28309724,Jørn m. Schmidt Statsautoriseret Revisionsanpartsselskab,Jørn m. Schmidt Statsautoriseret Revisionsanpartsselskab,81,73,53,17,3,0,70,8
14262172,Vedbæk Revision,Vedbæk Revision,81,81,73,5,3,0,78,0
15396105,Revisionsfirmaet Erik Hultquist,Revisionsfirmaet Erik Hultquist,80,80,67,9,4,0,76,0
39702215,ABL Revision,ABL Revision,80,80,80,0,0,0,80,0
40844899,Solveo Statsautoriseret Revisionspartnerselskab,Solveo Statsautoriseret Revisionspartnerselskab,79,79,49,30,0,0,79,0
21631930,"Dueholm & Partnere, Godkendt Revisionshus","Dueholm & Partnere, Godkendt Revisionshus",78,78,48,19,11,0,67,0
15270144,Revisionsfirmaet Flemming Hansen,Revisionsfirmaet Flemming Hansen,78,76,32,5,39,0,37,2
26454123,ARIES,ARIES,78,77,43,11,23,0,54,1
89224918,Krøyer Pedersen Statsautoriserede Revisorer,Krøyer Pedersen Statsautoriserede Revisorer,76,74,57,3,5,9,60,2
25735560,Revisionsfirmaet Woiremose & Partner,Revisionsfirmaet Woiremose & Partner,76,76,76,0,0,0,76,0
27492487,RND Partner,RND Partner,76,76,59,17,0,0,76,0
14327746,BJ Regnskab,BJ Regnskab,76,76,40,27,8,1,67,0
28136196,Revisionsfirmaet Mentor,Revisionsfirmaet Mentor,76,76,61,14,1,0,75,0
39164388,Helledie Revision,Helledie Revision,75,75,52,13,10,0,65,0
71344517,Buch&Nørgaard,Buch&Nørgaard,74,74,46,25,3,0,71,0
54472455,Revisor Finn Erik Rasmussen,Revisor Finn Erik Rasmussen,74,74,74,0,0,0,74,0
35383646,Revisionsfirmaet Jan Kristensen,Revisionsfirmaet Jan Kristensen,73,73,53,11,9,0,64,0
32563627,Gronemanns,Gronemanns,71,70,52,18,0,0,70,0
16609331,Revisionskontoret i Faxe,Revisionskontoret i Faxe,71,71,48,6,17,0,54,0
40052992,"JHL Revision, Esbjerg","JHL Revision, Esbjerg",70,70,43,27,0,0,70,0
35235892,Nem Revisor ApS,Nem Revisor ApS,68,68,25,39,4,0,64,0
43325000,Ellebæk Revision godkendt revisionsanpartsselskab,Ellebæk Revision godkendt revisionsanpartsselskab,68,68,44,12,12,0,56,0
36071281,Ostenfeld Revision,Ostenfeld Revision,67,67,51,15,1,0,66,0
12322143,Plan Revision v/Per Petersen,Plan Revision v/Per Petersen,67,67,52,15,0,0,67,0
25076079,Vestjysk Landboforening,Vestjysk Landboforening,67,67,67,0,0,0,67,0
21111511,Kolding Herreds Landbrugsforening,Kolding Herreds Landbrugsforening,66,65,51,11,3,0,62,1
15659777,Revisionsfirmaet Svend Dørffer,Revisionsfirmaet Svend Dørffer,66,66,53,1,12,0,54,0
41998407,Nexø Revision A/S,Nexø Revision A/S,66,66,52,14,0,0,66,0
14335102,Revisorgården i Odense,Revisorgården i Odense,65,65,50,15,0,0,65,0
28483902,Asla Revision,Asla Revision,63,63,42,21,0,0,63,0
10352231,Revisionscentret v/Jesper Thygesen,Revisionscentret v/Jesper Thygesen,63,63,63,0,0,0,63,0
72430816,Revfirma Georg Mathiasen,Revfirma Georg Mathiasen,62,61,14,6,39,2,20,0
26730597,Revisto I/S,Revisto I/S,61,61,33,0,28,0,33,0
20572043,Revisorhuset Halsnæs,Revisorhuset Halsnæs,60,60,44,14,0,2,58,0
18619407,Revisionsfirmaet Jørgen Gilling,Revisionsfirmaet Jørgen Gilling,60,60,59,0,1,0,59,0
43573810,Jysk Revision og Rådgivning ApS,Jysk Revision og Rådgivning ApS,59,59,42,16,1,0,58,0
25273621,Kongevejens Revision,Kongevejens Revision,59,59,38,14,7,0,52,0
11157203,Revisionsfirmaet Hartvig & Aalund,Revisionsfirmaet Hartvig & Aalund,59,59,46,0,13,0,46,0
43196863,BG Statsautoriserede revisorer ApS,BG Statsautoriserede revisorer ApS,58,58,33,14,11,0,47,0
10686504,Revisionsfirmaet Evan Klarholt,Revisionsfirmaet Evan Klarholt,58,58,58,0,0,0,58,0
33043163,ONreVISION,ONreVISION,58,58,58,0,0,0,58,0
28966571,RN - Revision Nordjylland,RN - Revision Nordjylland,58,58,58,0,0,0,58,0
17037307,Centrum Revision V/Kurt Håkonsson,Centrum Revision V/Kurt Håkonsson,58,58,28,6,24,0,34,0
26063655,Tranberg,Tranberg,58,58,50,4,4,0,54,0
26668840,Andersen og Partnere,Andersen og Partnere,57,57,54,0,3,0,54,0
44984326,Slebo Revision Statsautoriseret Revisionsanpartsselskab,Slebo Revision Statsautoriseret Revisionsanpartsselskab,57,55,17,26,8,1,43,1
18216833,Realvision,Realvision,57,57,40,9,8,0,49,0
42825379,REVISION THY Registreret Revisionsanpartsselskab,REVISION THY Registreret Revisionsanpartsselskab,57,57,46,8,3,0,54,0
38818724,Kvist Revision ApS,Kvist Revision ApS,56,56,47,9,0,0,56,0
18192195,Revisionsfimaet W. Bach Nørgaard,Revisionsfimaet W. Bach Nørgaard,56,56,42,8,6,0,50,0
21164577,ReviØst,ReviØst,55,55,41,13,1,0,54,0
29423989,Team Revision,Team Revision,55,55,55,0,0,0,55,0
30318269,MN Revision og Rådgivning,MN Revision og Rådgivning,54,54,54,0,0,0,54,0
41672625,"Bornhøft & Lindemann, Registreret Revisionsanpartsselskab","Bornhøft & Lindemann, Registreret Revisionsanpartsselskab",54,54,43,11,0,0,54,0
18743396,Revisionsfirmaet Peder Albertsen,Revisionsfirmaet Peder Albertsen,54,54,40,1,13,0,41,0
54471556,Revisionsfirmaet Jørgen Larsen,Revisionsfirmaet Jørgen Larsen I/S,54,54,36,14,4,0,50,0
16145084,Revision Nord,Revision Nord,54,52,33,15,4,0,48,2
41109483,Abrahamsen Revision,Abrahamsen Revision,53,53,40,10,3,0,50,0
33074441,Damgaard Revision,Damgaard Revision,53,53,36,5,12,0,41,0
34330042,CURA Revision,CURA Revision,53,53,49,4,0,0,53,0
76637415,Høffner Revision,Høffner Revision,52,52,42,10,0,0,52,0
36696486,Revisionsfirmaet Lars Bastholm,Revisionsfirmaet Lars Bastholm,52,52,22,28,2,0,50,0
20935790,2TalRevision v/Jan Christensen,2TalRevision v/Jan Christensen,52,52,29,23,0,0,52,0
13737096,Revision Hatting,Revision Hatting,52,52,37,6,9,0,43,0
37984558,Kjær Revision,Kjær Revision,52,52,37,14,1,0,51,0
13976295,Revisionscentret Haderslev,Revisionscentret Haderslev,52,50,24,18,8,0,42,2
20835400,Østdansk Landboforening,Østdansk Landboforening,52,52,52,0,0,0,52,0
33219229,Dansk Revision Tønder,Dansk Revision Tønder,51,51,48,2,1,0,50,0
35238050,Momentum Revision,Momentum Revision,51,51,41,0,10,0,41,0
17128973,Unik-Revision,Unik-Revision,51,51,30,19,2,0,49,0
37903949,2A Revision,2A Revision,51,51,51,0,0,0,51,0
21860506,DVU,DVU,51,51,19,0,32,0,19,0
36909935,MTMLB,MTMLB,51,51,42,7,2,0,49,0
31742781,Agerbor Gruppen,Agerbor Gruppen,50,50,37,13,0,0,50,0
41552204,DanRevision Statsautoriseret Revisionsanpartsselskab,DanRevision Statsautoriseret Revisionsanpartsselskab,49,49,21,23,5,0,44,0
88248228,Egon Pedersen Revision,Egon Pedersen Revision,49,47,31,8,8,0,39,2
45086607,eRevision Statsautoriseret Revisionsanpartsselskab,eRevision Statsautoriseret Revisionsanpartsselskab,49,49,42,7,0,0,49,0
19706974,Fynbo Revision,Fynbo Revision,48,48,43,5,0,0,48,0
41503610,Lemvigegnens Landboforening,Lemvigegnens Landboforening,48,48,40,8,0,0,48,0
32500145,THN Revision,THN Revision,48,48,28,16,2,2,44,0
36493372,RevisionsCentrum,RevisionsCentrum,48,48,42,6,0,0,48,0
45395634,Juul & Blicher ApS,Juul & Blicher ApS,47,45,16,14,15,0,30,2
36908114,Revision Ryttergaarden,Revision Ryttergaarden,47,47,47,0,0,0,47,0
39188678,Rödl & Partner Danmark,Rödl & Partner Danmark,47,44,17,10,17,0,27,3
29529507,Schmidt Revision,Schmidt Revision,47,47,38,8,1,0,46,0
37522945,PN Revision,PN Revision,46,46,26,3,16,1,29,0
39130335,"Vibs Revision, registreret revisor ApS","Vibs Revision, registreret revisor ApS",46,46,40,4,2,0,44,0
35891986,ECO Revision,ECO Revision,46,46,46,0,0,0,46,0
19713830,Djurs Revision,Djurs Revision,46,46,35,9,2,0,44,0
29404992,HE Revision,HE Revision,45,45,33,11,0,1,44,0
10110807,Vendelbo,Vendelbo,45,45,37,7,1,0,44,0
10632684,Revision 1-2-3,Revision 1-2-3,44,44,36,3,5,0,39,0
76475512,Gundsø Revision,Gundsø Revision,44,43,0,30,13,0,30,1
21052302,Revisionsfirmaet Peter Berg,Revisionsfirmaet Peter Berg,44,44,21,18,5,0,39,0
39473321,"DM Revisionsfirma af 1993, Registreret Revisionsanpartsselskab","DM Revisionsfirma af 1993, Registreret Revisionsanpartsselskab",43,43,31,12,0,0,43,0
29033609,RugaardRevision,RugaardRevision,43,43,13,0,30,0,13,0
35868828,Erhvervs Consult ApS,Erhvervs Consult ApS,43,43,36,0,7,0,36,0
25593995,Råd & Revision,Råd & Revision,42,42,36,6,0,0,42,0
33160364,CTM Revision,CTM Revision,42,42,40,0,2,0,40,0
33225172,Lars P Revision,Lars P Revision,41,41,32,9,0,0,41,0
52992753,Greve Strands Revision,Greve Strands Revision,41,41,40,1,0,0,41,0
28970641,Luni Revisions Anpartsselskab,Luni Revisions Anpartsselskab,41,41,41,0,0,0,41,0
14135308,Registreret Revisionsanpartsselskab Flemming Juhl Nielsen,Registreret Revisionsanpartsselskab Flemming Juhl Nielsen,41,41,30,11,0,0,41,0
31165571,Revisionsfirmaet Torlund,Revisionsfirmaet Torlund,40,40,25,13,2,0,38,0
54471556,Revisionsfirmaet Jørgen Larsen,Revisionsfirmaet Jørgen Larsen,40,40,28,9,3,0,37,0
35143114,Revisionsfirmaet Hanne og Erling Lund,Revisionsfirmaet Hanne og Erling Lund,40,40,28,8,3,1,36,0
30201795,TK Revision,TK Revision,39,39,38,0,1,0,38,0
21706833,RB Revision,RB Revision,39,39,38,1,0,0,39,0
78682418,Revisionsfirmaet Arne Bang,Revisionsfirmaet Arne Bang,39,39,23,0,16,0,23,0
30348184,Registreret Revisionsvirksomhed Nordskov Revision,Registreret Revisionsvirksomhed Nordskov Revision,39,39,39,0,0,0,39,0
38225804,Krydsrevision,Krydsrevision,38,38,32,2,3,1,34,0
39846144,Revisionsfirmaet Søren Askly,Revisionsfirmaet Søren Askly,37,37,36,0,1,0,36,0
16933503,Johnny Hansen Registreret Revisionsanpartsselskab,Johnny Hansen Registreret Revisionsanpartsselskab,37,37,37,0,0,0,37,0
12155662,Revisionsfirmaet Ole Hansen,"Revisionsfirmaet Ole Hansen, Statsautoriseret Revisionsanpartsselskab",37,37,7,25,3,0,32,0
13179638,REVISIONSKONTORET AF 2004 ApS,REVISIONSKONTORET AF 2004 ApS,37,37,37,0,0,0,37,0
26624479,AB-Revision,AB-Revision,37,37,36,1,0,0,37,0
14913572,Registreret Revisor Per Obling,Registreret Revisor Per Obling,36,36,36,0,0,0,36,0
91259850,Revision 1,Revision 1,36,36,36,0,0,0,36,0
19941442,Nordmors Revision v/Peter Djernes,Nordmors Revision v/Peter Djernes,36,36,31,1,4,0,32,0
30563670,Lejenregnskabschef.dk,Lejenregnskabschef.dk,36,36,36,0,0,0,36,0
25979907,JBC Revision v/Jørgen Christensen,JBC Revision v/Jørgen Christensen,35,35,11,20,3,1,31,0
40032622,MS Revision ApS,MS Revision ApS,35,33,25,8,0,0,33,2
36065346,Revisionsfirmaet Kim Jacobsen,Revisionsfirmaet Kim Jacobsen,35,35,30,5,0,0,35,0
27910165,Egtved Revisionskontor,Egtved Revisionskontor,34,34,29,4,1,0,33,0
42044040,Sydvestjysk Revision ApS Godkendt Revisionsselskab,Sydvestjysk Revision ApS Godkendt Revisionsselskab,34,34,21,11,2,0,32,0
25685229,Lægers & Tandlægers Revisionskontor,Lægers & Tandlægers Revisionskontor,34,34,34,0,0,0,34,0
12838840,Toldbodens Revision & Regnskab,Toldbodens Revision & Regnskab,34,34,32,0,2,0,32,0
25187091,GE Revision & Rådgivning,GE Revision & Rådgivning,33,33,27,4,2,0,31,0
61676228,Patriotisk Selskab,Patriotisk Selskab,33,33,26,5,2,0,31,0
26291593,Kompas Revision,Kompas Revision,33,33,25,8,0,0,33,0
31888026,Søhøjlandets revision,Søhøjlandets revision,33,33,21,12,0,0,33,0
41762667,"Grønlands Revision A/S, statsautoriserede revisorer","Grønlands Revision A/S, statsautoriserede revisorer",33,33,14,14,5,0,28,0
30817222,Kolding Erhvervsservice,Kolding Erhvervsservice,33,33,33,0,0,0,33,0
67425618,Mogens Kibsgaard. Statsautoriseretrevisionsanpartsselskab,Mogens Kibsgaard. Statsautoriseretrevisionsanpartsselskab,32,31,12,7,12,0,19,1
14759840,Aage & Povl Holm,Aage & Povl Holm,31,31,25,1,5,0,26,0
30835654,Møller & Madsen,Møller & Madsen,30,30,28,0,1,1,28,0
15279680,PM Revision,PM Revision,30,30,29,1,0,0,30,0
28284160,LJ Revision,LJ Revision,30,30,30,0,0,0,30,0
17275100,Revision Horsens,Revision Horsens,30,30,30,0,0,0,30,0
41835303,Nordisk Revision Godkendt Revisionsanpartsselskab,Nordisk Revision Godkendt Revisionsanpartsselskab,29,27,22,5,0,0,27,2
10623685,Revisionsfirmaet Lund & Christiansen,Revisionsfirmaet Lund & Christiansen,29,29,18,5,6,0,23,0
10290430,PKF Borup ApS,PKF Borup ApS,29,29,29,0,0,0,29,0
27489559,AHJ Revision,AHJ Revision,29,29,29,0,0,0,29,0
17578235,Bidstrup Revision,Bidstrup Revision,29,29,24,5,0,0,29,0
15553782,Multi Revision Ballerup,Multi Revision Ballerup,28,28,28,0,0,0,28,0
83005815,Revisionsfirmaet Zinnsgade,Revisionsfirmaet Zinnsgade,28,28,28,0,0,0,28,0
29839328,NU-REVI,NU-REVI,28,28,24,0,4,0,24,0
40375260,MBL Revision,MBL Revision,28,28,18,10,0,0,28,0
38248677,Lindholm Revision,Lindholm Revision,27,27,24,3,0,0,27,0
25859138,S.J. Revision,S.J. Revision,27,27,24,3,0,0,27,0
70666758,Revisor/Lasse Larsen,Revisor/Lasse Larsen,27,27,27,0,0,0,27,0
44535122,Andersen & Novakovic statsautoriseret revisionsanpartsselskab,Andersen & Novakovic statsautoriseret revisionsanpartsselskab,27,27,21,6,0,0,27,0
69885055,Revisionskontoret,Revisionskontoret,26,26,24,2,0,0,26,0
37054933,RevisionsHuset-Viborg v/Mogens Bech,RevisionsHuset-Viborg v/Mogens Bech,26,26,13,12,1,0,25,0
17022970,L.A. Revision,L.A. Revision,26,26,22,4,0,0,26,0
12576986,F I Revision,F I Revision,26,26,24,0,2,0,24,0
21849588,Revisionsselskabet Mougaard,Revisionsselskabet Mougaard,25,25,25,0,0,0,25,0
86046717,Revisionsfirmaet Bendt Stendahl,Revisionsfirmaet Bendt Stendahl,25,25,25,0,0,0,25,0
26310172,TALSTABLEREN REGISTRERET REVISIONSANPARTSSELSKAB,TALSTABLEREN REGISTRERET REVISIONSANPARTSSELSKAB,25,25,12,13,0,0,25,0
14604448,CBK Revision,CBK Revision,25,23,4,0,19,0,4,2
33164076,R3 Revision,R3 Revision,25,25,19,6,0,0,25,0
15897473,CDO Revison,CDO Revison,25,25,25,0,0,0,25,0
27607764,AA revisionsanpartsselskabet,AA revisionsanpartsselskabet,25,25,25,0,0,0,25,0
28126131,Capture,Capture,24,24,21,2,1,0,23,0
75076118,Grønborg Revision,Grønborg Revision,24,24,21,0,3,0,21,0
45328988,"Lorentzen & Partners, Statsautoriserede Revisorer ApS","Lorentzen & Partners, Statsautoriserede Revisorer ApS",24,24,6,13,5,0,19,0
11328881,Revisionsfirmaet Ole Dahl,Revisionsfirmaet Ole Dahl,24,24,24,0,0,0,24,0
27616690,Broernes Revision,Broernes Revision,24,24,24,0,0,0,24,0
35316957,Kreston AKC,Kreston AKC,23,23,18,3,2,0,21,0
36479760,DR Revision,DR Revision,23,23,13,8,1,1,21,0
45150437,PRO REVISION STATSAUTORISERET ANPARTSSELSKAB,PRO REVISION STATSAUTORISERET ANPARTSSELSKAB,23,23,14,7,2,0,21,0
44396033,Din Revisor Amager ApS Godkendte revisorer,Din Revisor Amager ApS Godkendte revisorer,22,22,18,3,1,0,21,0
14548599,Centrum Revision v/ Henrik Søeborg,Centrum Revision v/ Henrik Søeborg,22,22,19,1,2,0,20,0
32821030,Statsautoriseret revisor Ole Tønnesen,Statsautoriseret revisor Ole Tønnesen,22,22,13,0,9,0,13,0
46080041,LD&C Statsautoriseret Revisionsanpartsselskab,LD&C Statsautoriseret Revisionsanpartsselskab,22,22,16,6,0,0,22,0
15681578,Registreret revisionsfirma Torben Andersen,Registreret revisionsfirma Torben Andersen,22,22,18,4,0,0,22,0
35394206,Skatteinform,Skatteinform,22,22,18,1,1,2,19,0
44405016,Alt i Regnskab & Rådgivning ApS,Alt i Regnskab & Rådgivning ApS,22,22,22,0,0,0,22,0
28505159,Revisionsanpartsselskabet Jens Carl Nielsen,Revisionsanpartsselskabet Jens Carl Nielsen,22,22,17,5,0,0,22,0
34901295,Torsten Rasmussen,Torsten Rasmussen,22,22,22,0,0,0,22,0
16557390,Bæk Revision,Bæk Revision,22,22,21,1,0,0,22,0
29316996,Rådgivningsgruppen,Rådgivningsgruppen,22,22,16,5,1,0,21,0
32090516,Thrane Consult,Thrane Consult,21,21,21,0,0,0,21,0
42216011,Betternumbers P/S,Betternumbers P/S,21,21,17,4,0,0,21,0
11524192,Nils Knudsen NK - REVI,Nils Knudsen NK - REVI,21,21,21,0,0,0,21,0
12140363,BK Revision ApS,BK-Revision,20,20,20,0,0,0,20,0
31478383,Hartvig & Aalund,Hartvig & Aalund,20,20,20,0,0,0,20,0
57981717,Revisor-fællesskabet af 1976,Revisor-fællesskabet af 1976,20,20,10,0,9,1,10,0
14165088,Regnskabsfirmaet Martin Engbjerg ApS,Regnskabsfirmaet Martin Engbjerg ApS,20,20,20,0,0,0,20,0
13672970,Revisionsfirma Bent Madsen,Revisionsfirma Bent Madsen,20,20,20,0,0,0,20,0
20527986,Revirk Rådgivning Statsautoriseret revisionsfirma,Revirk Rådgivning Statsautoriseret revisionsfirma,20,20,20,0,0,0,20,0
32942490,T. Rasmussen Revision,T. Rasmussen Revision,20,20,7,1,12,0,8,0
25477367,Elite-Revision,Elite-Revision,20,20,13,7,0,0,20,0
29747792,FN Revision,FN Revision,20,15,5,2,2,6,7,0
31131928,Nørgaard Revision,Nørgaard Revision,19,19,19,0,0,0,19,0
78646411,Lokalrevision,Lokalrevision,19,19,15,2,2,0,17,0
25122402,GV Revision,GV Revision,19,19,19,0,0,0,19,0
42793744,2+ Revision Grønland Statsautoriserede Revisorer ApS,2+ Revision Grønland Statsautoriserede Revisorer ApS,18,18,8,7,3,0,15,0
35050175,Lyngen Revision statsautoriseret revisionsanpartsselskab,Lyngen Revision statsautoriseret revisionsanpartsselskab,18,18,16,1,1,0,17,0
18288389,Revisionsfirmaet Kirch Andersen,Revisionsfirmaet Kirch Andersen,18,18,13,5,0,0,18,0
40748083,ON Regnskab & Rådgivning,ON Regnskab & Rådgivning,18,18,18,0,0,0,18,0
34894949,Steen Koch Registrerede revisorer,Steen Koch Registrerede revisorer,18,18,16,2,0,0,18,0
11303870,Langelinierevisionen,Langelinierevisionen,17,17,17,0,0,0,17,0
11901840,Revisionvest,Revisionvest,17,17,16,0,1,0,16,0
30553535,Claus Carlsen,Claus Carlsen,17,17,17,0,0,0,17,0
30351002,Kirkhoff,Kirkhoff,17,16,11,2,3,0,13,1
36081848,Fetterlein,Fetterlein,17,17,15,0,1,1,15,0
37205907,GoAudit,GoAudit,17,17,13,2,2,0,15,0
91112353,Statsautoriseret Revisor Leif G. Rasmussen,Statsautoriseret Revisor Leif G. Rasmussen,17,17,17,0,0,0,17,0
40127720,Øresund Revision Statsautoriseret Revisionsanpartsselskab,Øresund Revision Statsautoriseret Revisionsanpartsselskab,17,17,2,2,13,0,4,0
16603473,Revisionskontoret i Asnæs,Revisionskontoret i Asnæs,17,17,17,0,0,0,17,0
32888658,Addvisers,Addvisers,17,17,17,0,0,0,17,0
28053665,Revision Køge,Revision Køge,16,16,10,6,0,0,16,0
81127115,Revisionsfirmaet Poul Rexen Thomsen,Revisionsfirmaet Poul Rexen Thomsen,16,16,8,1,7,0,9,0
15202580,Revisionsfirmaet Bayer,Revisionsfirmaet Bayer,16,15,14,1,0,0,15,0
12707789,Revisionsfirmaet Revicon,Revisionsfirmaet Revicon,16,16,16,0,0,0,16,0
17294431,Kobstrup,Kobstrup,16,16,16,0,0,0,16,0
11211585,Toprevi,Toprevi,16,16,16,0,0,0,16,0
20474882,Egelund Revision,Egelund Revision,16,16,12,1,3,0,13,0
57652551,Revisionsfirmaet Bent Jørgensen,Revisionsfirmaet Bent Jørgensen,16,16,15,0,1,0,15,0
20716142,Møller & Co.,Møller & Co.,16,16,16,0,0,0,16,0
30276019,Q-Revision,Q-Revision,16,16,16,0,0,0,16,0
43661434,TANGSTAD - STATSAUTORISERET REVISIONSANPARTSSELSKAB,TANGSTAD - STATSAUTORISERET REVISIONSANPARTSSELSKAB,16,16,14,2,0,0,16,0
70697319,Statsaut. Rev. P.B. Matthiesen,Statsaut. Rev. P.B. Matthiesen,15,15,0,5,10,0,5,0
72707710,Revisionsfirmaet A P MØLLER,Revisionsfirmaet A P MØLLER,15,15,15,0,0,0,15,0
30006674,Klinkby Revision v/Lars Klinkby,Klinkby Revision v/Lars Klinkby,15,15,14,0,1,0,14,0
26563976,Dupont Revision,Dupont Revision,15,15,10,1,4,0,11,0
17937987,Revisionsfirmaet Benny Jensen,Revisionsfirmaet Benny Jensen,15,14,12,1,1,0,13,0
16563579,Wyrwik,Wyrwik,15,15,15,0,0,0,15,0
35865136,EMV,EMV,15,15,15,0,0,0,15,0
44304635,Ødegaard Statsautoriseret Revisionsanpartsselskab,Ødegaard Statsautoriseret Revisionsanpartsselskab,15,15,3,11,1,0,14,0
34880034,SAa Revision,SAa Revision,15,15,15,0,0,0,15,0
16147591,MQ Revision,MQ Revision,15,15,15,0,0,0,15,0
68216214,OBK Revision,OBK Revision,15,15,15,0,0,0,15,0
15587008,Kjeld Linnebjerg Registreret Revisionsanpartsselskab,Kjeld Linnebjerg Registreret Revisionsanpartsselskab,15,15,15,0,0,0,15,0
29573360,Kerteminde Revision v/Charlotte Elwain,Kerteminde Revision v/Charlotte Elwain,15,15,15,0,0,0,15,0
20113138,Nigelema v/Niels Lemmeke Madsen,Nigelema v/Niels Lemmeke Madsen,15,15,11,1,3,0,12,0
18738007,Revisionsfirmaet Jens Søndergaard,Revisionsfirmaet Jens Søndergaard,15,15,15,0,0,0,15,0
33684096,Verifica,Verifica,15,15,15,0,0,0,15,0
32688179,Revisorfirmaet Skov Jeppesen,Revisorfirmaet Skov Jeppesen,14,14,9,5,0,0,14,0
37183024,Regnskabs- og Revisionskontoret for Storkøbenhavn,Regnskabs- og Revisionskontoret for Storkøbenhavn,14,14,9,0,0,5,9,0
41982470,Revisor Fritzbøger,Revisor Fritzbøger,14,14,14,0,0,0,14,0
18767333,HK-revision,HK-revision,14,14,13,0,1,0,13,0
15664908,Registreret revisor Marianne Mortensen,Registreret revisor Marianne Mortensen,14,14,14,0,0,0,14,0
31115086,CR Revison,CR Revison,14,14,14,0,0,0,14,0
12741766,Oxenvads Regnskabsservice ApS,Oxenvads Regnskabsservice ApS,13,13,13,0,0,0,13,0
94431468,Dansk Center Revision,Dansk Center Revision,13,13,13,0,0,0,13,0
10875781,"RevisionPlus, Grindsted","RevisionPlus, Grindsted",13,13,10,1,2,0,11,0
13364796,Revisionsfirmaet Gert Ovesen,Revisionsfirmaet Gert Ovesen,13,13,12,0,0,1,12,0
36279079,Talsnedkeren,Talsnedkeren,13,13,8,5,0,0,13,0
16342718,Landwirtschaftlicher Hauptverein für Nordschleswig,Landwirtschaftlicher Hauptverein für Nordschleswig,13,13,11,2,0,0,13,0
25072596,COMPTA,COMPTA,13,13,13,0,0,0,13,0
21598402,Pryds,Pryds,13,13,12,0,1,0,12,0
17366270,JE Regnskabsservice,JE Regnskabsservice,13,13,13,0,0,0,13,0
42746452,Konsulent Jens H. Hedegaard,Konsulent Jens H. Hedegaard,13,13,10,3,0,0,13,0
21090174,aj2,aj2,12,12,12,0,0,0,12,0
46115422,"Kjeldsen Revision, Statsautoriseret Revisionsanpartsselskab","Kjeldsen Revision, Statsautoriseret Revisionsanpartsselskab",12,12,7,5,0,0,12,0
46151607,HR Revision ApS,HR Revision ApS,12,12,0,6,6,0,6,0
72461312,Torben Jakobsen,Torben Jakobsen,12,12,12,0,0,0,12,0
28148585,PT af 27. juli 2004,PT af 27. juli 2004,12,12,11,0,1,0,11,0
19617203,I.H. Revision v/ Hanne Henningsen,I.H. Revision v/ Hanne Henningsen,12,12,12,0,0,0,12,0
27289940,Danborg Revision,Danborg Revision,12,12,10,0,2,0,10,0
47808650,Revisionsfirmaet Michael Fræmohs,Revisionsfirmaet Michael Fræmohs,12,12,12,0,0,0,12,0
20868546,Toft Revision,Toft Revision,12,12,10,2,0,0,12,0
25049608,LandboNord,LandboNord,12,12,12,0,0,0,12,0
31888425,Vilstad Revision og Regnskabsservice,Vilstad Revision og Regnskabsservice,11,11,11,0,0,0,11,0
36762454,Hedelund revision & rådgivning,Hedelund revision & rådgivning,11,11,11,0,0,0,11,0
26887801,Dupont Revision & Rådgivning,Dupont Revision & Rådgivning,11,11,11,0,0,0,11,0
17811371,Luni Revision,Luni Revision,11,11,0,7,4,0,7,0
52886252,IGM Revision v/iben green madsen,IGM Revision v/iben green madsen,11,11,11,0,0,0,11,0
16579106,Bjarne Engbjerg-Pedersen,Bjarne Engbjerg-Pedersen,11,11,11,0,0,0,11,0
45756173,"Larsen, Statsautoriseret Revisionsanpartsselskab","Larsen, Statsautoriseret Revisionsanpartsselskab",11,11,4,7,0,0,11,0
26923891,Revisionsfirmaet Lars Jeppesen,Revisionsfirmaet Lars Jeppesen,11,11,10,1,0,0,11,0
36717785,Kvist & Jensen,Kvist & Jensen,11,11,2,1,8,0,3,0
44742969,Bisbjerg & Partners P/S,Bisbjerg & Partners P/S,11,11,6,4,1,0,10,0
18897385,Registreret Revisor Mette Storgaard Høffner,Registreret Revisor Mette Storgaard Høffner,11,11,11,0,0,0,11,0
76534268,F.J. Revision,F.J. Revision,11,11,11,0,0,0,11,0
31167140,Revisionsfirmaet MBP,Revisionsfirmaet MBP,10,10,0,0,10,0,0,0
14149341,Køge Nord Revision,Køge Nord Revision,10,10,10,0,0,0,10,0
15592354,Statsautoriseret revisionsfirma Bent Andrup,Statsautoriseret revisionsfirma Bent Andrup,10,10,8,0,2,0,8,0
10261279,Reg. Rev. Mogens Møller Nielsen,Reg. Rev. Mogens Møller Nielsen,10,10,9,1,0,0,10,0
41832096,Revisionsfirmaet Søren Kahr,Revisionsfirmaet Søren Kahr,10,10,10,0,0,0,10,0
12848544,Revisionshuset,Revisionshuset,10,10,8,2,0,0,10,0
33064543,Nordjysk Revision HJ,Nordjysk Revision HJ,10,10,10,0,0,0,10,0
45852652,Tetras Statsautoriseret Revisionsanpartsselskab,Tetras Statsautoriseret Revisionsanpartsselskab,10,10,8,2,0,0,10,0
18079739,BMM Consult,BMM Consult,10,10,10,0,0,0,10,0
25518942,Nordland Revision-Nordland,Nordland Revision-Nordland,10,10,10,0,0,0,10,0
12911580,Karin Juel Registreret Revisionsvirksomhed,Karin Juel Registreret Revisionsvirksomhed,9,9,9,0,0,0,9,0
38347799,Andersen Revision & Rådgivning,Andersen Revision & Rådgivning,9,9,9,0,0,0,9,0
10510945,Uniconsult,Uniconsult,9,9,9,0,0,0,9,0
48569528,Revisionsselskabet v/ Anders Christian Mogensen,Revisionsselskabet v/ Anders Christian Mogensen,9,9,6,0,2,1,6,0
16346578,Revisionsfirmaet Peter Deiborg,Revisionsfirmaet Peter Deiborg,9,7,2,0,3,2,2,0
19720705,RevisorGården,RevisorGården,9,9,9,0,0,0,9,0
14792074,"Rudersdal Revision, Registrerede revisorer","Rudersdal Revision, Registrerede revisorer",9,9,7,2,0,0,9,0
26399610,Revisionsfirmaet Obsen & Nielsen,Revisionsfirmaet Obsen & Nielsen,9,9,6,1,2,0,7,0
17016334,Jes Revision,Jes Revision,9,9,9,0,0,0,9,0
18485907,Michael Kappelhøj,Michael Kappelhøj,9,9,9,0,0,0,9,0
27527027,Eybye Invest,Eybye Invest,9,9,9,0,0,0,9,0
25491742,Revisionsfirmaet Erik Reinsborg,Revisionsfirmaet Erik Reinsborg,9,9,9,0,0,0,9,0
15275677,Revisionsfirmaet Else Høy,Revisionsfirmaet Else Høy,8,8,8,0,0,0,8,0
34066698,Revisionsfirmaet Per Abelsen,Revisionsfirmaet Per Abelsen,8,8,7,1,0,0,8,0
15897996,Revisionsfirmaet Jens Vindfeldt,Revisionsfirmaet Jens Vindfeldt,8,8,8,0,0,0,8,0
83827815,Revifirmaet,Revifirmaet,8,8,7,0,1,0,7,0
12246099,MA Revision v/Morten Andersen,MA Revision v/Morten Andersen,8,8,8,0,0,0,8,0
27106595,Valsgård Revision,Valsgård Revision,8,8,8,0,0,0,8,0
43576577,Vendia Revision og Regnskab,Vendia Revision og Regnskab,8,8,8,0,0,0,8,0
41694939,"Jens Rye, Statsautoriseret Revisor","Jens Rye, Statsautoriseret Revisor",8,8,7,1,0,0,8,0
12354746,HKP Revision,HKP Revision,8,8,6,0,2,0,6,0
45107787,KOA CPH ApS,KOA CPH ApS,8,8,2,4,2,0,6,0
29509026,B.F. Rådgivning Herning,B.F. Rådgivning Herning,8,8,8,0,0,0,8,0
14662138,Registreret Revisor Mads Bødker,Registreret Revisor Mads Bødker,8,8,8,0,0,0,8,0
45740986,Fidura Statsautoriseret Revisionsanpartsselskab,Fidura Statsautoriseret Revisionsanpartsselskab,8,8,8,0,0,0,8,0
30956400,MPB Consult,MPB Consult,7,7,7,0,0,0,7,0
30607236,Skanderborg Revision,Skanderborg Revision,7,7,7,0,0,0,7,0
38518046,Statsaut. Revisor G. Holm-Nielsen,Statsaut. Revisor G. Holm-Nielsen,7,7,0,6,1,0,6,0
38897713,Pandrup Revision,Pandrup Revision,7,7,7,0,0,0,7,0
27192939,"John Dalgaard, Statsautoriseret Revisionsanpartsselskab","John Dalgaard, Statsautoriseret Revisionsanpartsselskab",7,7,7,0,0,0,7,0
31579325,Hestehavens Revison,Hestehavens Revison,7,7,3,4,0,0,7,0
36871644,RevisionsHuset Viborg v/Leif Aasten,RevisionsHuset Viborg v/Leif Aasten,7,7,7,0,0,0,7,0
16914800,Revisorgården v/Jane Lading Pedersen,Revisorgården v/Jane Lading Pedersen,7,7,7,0,0,0,7,0
20592699,Registreret Revisor Per Skaarup Rasmussen,Registreret Revisor Per Skaarup Rasmussen,7,7,7,0,0,0,7,0
16368342,LP Revision & rådgivning,LP Revision & rådgivning,7,7,3,0,4,0,3,0
32428932,Excell Revision,Excell Revision,7,7,7,0,0,0,7,0
30175905,K2 TOP Registreret Revisionsanpartsselskab,K2 TOP Registreret Revisionsanpartsselskab,7,7,7,0,0,0,7,0
14310533,"Broernes Revision, Reg Revisorer","Broernes Revision, Reg Revisorer",7,7,0,5,2,0,5,0
26297974,Revisor Inge Linkamp ApS,Revisor Inge Linkamp  ApS,7,7,7,0,0,0,7,0
26344735,JST Revision,JST Revision,7,7,7,0,0,0,7,0
38914766,RéVision+,R-Vision,7,7,7,0,0,0,7,0
18393387,Revisionsfirma Ulla Svenningsen,Revisionsfirma Ulla Svenningsen,7,7,6,1,0,0,7,0
38267132,TimeVision,TimeVision,7,7,4,1,1,1,5,0
27909833,Statsautoriseret revisor Søren Cortsen,Statsautoriseret revisor Søren Cortsen,7,7,7,0,0,0,7,0
27135730,Osmark,Osmark,6,6,5,0,1,0,5,0
32147437,Revisionsfirmaet Kenneth Birkelund,Revisionsfirmaet Kenneth Birkelund,6,6,6,0,0,0,6,0
33877390,Lægers & Tandlægers Revisionskontor Sjælland,Lægers & Tandlægers Revisionskontor Sjælland,6,6,5,1,0,0,6,0
35658432,Vistisen & Lunde,Vistisen & Lunde,6,4,3,0,1,0,3,2
26186897,Asgård Finans,Asgård Finans,6,6,6,0,0,0,6,0
15656042,MN Revision v/statsaut. revisor Mogens Nielsen,MN Revision v/statsaut. revisor Mogens Nielsen,5,5,5,0,0,0,5,0
15710373,Damborg Revision og Rådgivning,Damborg Revision og Rådgivning,5,5,5,0,0,0,5,0
18137399,Registreret Revisionsanpartsselskab j. Gilbert Nielsen,Registreret Revisionsanpartsselskab j. Gilbert Nielsen,5,5,2,1,2,0,3,0
38575694,Konde ApS,Konde ApS,5,5,5,0,0,0,5,0
65608154,Revisionsfirmaet Peter Høg,Revisionsfirmaet Peter Høg,5,5,5,0,0,0,5,0
27495753,nf plus,NF Plus Revision,5,5,3,1,1,0,4,0
46639715,Revisor Gunnar Kjærgaard Larsen,Revisor Gunnar Kjærgaard Larsen,5,5,5,0,0,0,5,0
35926585,EC Økonomi og regnskab,EC Økonomi og regnskab,5,5,4,0,1,0,4,0
21304476,Talkymisten v/Reg. revisor Susanne Nielsen,Talkymisten v/Reg. revisor Susanne Nielsen,5,5,5,0,0,0,5,0
46110099,Counted ApS,Counted ApS,5,5,1,4,0,0,5,0
30220331,Lars Ole Wiese,Lars Ole Wiese,5,5,5,0,0,0,5,0
29389918,NET-Revision,NET-Revision,5,5,5,0,0,0,5,0
37230359,Revisionsfirmaet Benny Lund Jensen,Revisionsfirmaet Benny Lund Jensen,5,5,5,0,0,0,5,0
13850232,Delta Administration,Delta Administration,5,5,5,0,0,0,5,0
30969103,PC-Revision Gentofte,PC-Revision Gentofte,5,5,3,0,2,0,3,0
43113577,Kruse Revision,Kruse Revision,4,4,4,0,0,0,4,0
36735465,Revisionsselskabet LKG,Revisionsselskabet LKG,4,3,0,3,0,0,3,1
12689039,Reg Revisor Uffe Berg Pedersen,Reg Revisor Uffe Berg Pedersen,4,4,4,0,0,0,4,0
36709030,Brønshøj Regnskab,Brønshøj Regnskab,4,4,2,0,2,0,2,0
28711395,Bjarne Bertelsen,Bjarne Bertelsen,4,4,2,2,0,0,4,0
35042520,Holm Hansen Statsautoriseret Revisionspartnerselskab,Holm Hansen Statsautoriseret Revisionspartnerselskab,4,4,0,0,4,0,0,0
15083743,Statsaut. Rev. Jan Vegge,Statsaut. Rev. Jan Vegge,4,4,4,0,0,0,4,0
25452313,Carsten Bjørn Jensen,Carsten Bjørn Jensen,4,4,4,0,0,0,4,0
26916402,Afrodite Hår og Trend v/Rita Truelsen,Afrodite Hår og Trend v/Rita Truelsen,4,4,4,0,0,0,4,0
43514172,Nemli & Partnere Statsautoriserede Revisorer ApS,Nemli & Partnere Statsautoriserede Revisorer ApS,4,4,2,2,0,0,4,0
35657975,Veritas,Veritas,4,4,3,0,1,0,3,0
27969933,Furesø Revision,Furesø Revision,3,3,3,0,0,0,3,0
31501601,IHC Holding Kolding,IHC Holding Kolding,3,3,3,0,0,0,3,0
27796001,H D Consult,H D Consult,3,3,0,3,0,0,3,0
20938692,Borg Revision v/Olav Borg Christensen,Borg Revision v/Olav Borg Christensen,3,3,3,0,0,0,3,0
55399719,JH Revision,JH Revision,3,3,1,1,1,0,2,0
32560164,Buller Tex Flemming Olsen,Buller Tex Flemming Olsen,3,3,0,0,3,0,0,0
11163947,Revisionsfirmaet Svend Rosendahl,Revisionsfirmaet Svend Rosendahl,3,3,3,0,0,0,3,0
26631556,Kildebjerg Revision,Kildebjerg Revision,3,3,3,0,0,0,3,0
25504070,KPMG KOMPLEMENTARSELSKAB ApS,KPMG KOMPLEMENTARSELSKAB ApS,3,3,0,2,1,0,2,0
34274657,Karsten Andersen Registreret Revisionsvirksomhed,Karsten Andersen Registreret Revisionsvirksomhed,3,3,1,2,0,0,3,0
31140986,VERAX,VERAX,3,3,3,0,0,0,3,0
32319998,RH Revision Statsautoriseret Revisionsanpartsselskab,RH Revision Statsautoriseret Revisionsanpartsselskab,3,3,2,1,0,0,3,0
17561391,Registreret Revisor N. C. Sørensen,Registreret Revisor N. C. Sørensen,2,2,0,2,0,0,2,0
28121717,Global Revision,Global Revision,2,2,1,0,1,0,1,0
29628777,Funder & Henriksen,Funder & Henriksen,2,2,2,0,0,0,2,0
50949656,Registreret Revisor Peter Rose,Registreret Revisor Peter Rose,2,2,2,0,0,0,2,0
29105545,A-revisor,A-revisor,2,2,2,0,0,0,2,0
32149863,Revisionsfirmaet Asger Wiuff Andersen,Revisionsfirmaet Asger Wiuff Andersen,2,2,0,0,2,0,0,0
31495288,PK Revision,PK Revision,2,2,1,0,1,0,1,0
40847170,Registreret revisor Morten Rasmussen,Registreret revisor Morten Rasmussen,2,2,2,0,0,0,2,0
31778530,Dansk Revision Randers,Dansk Revision Randers,2,2,1,0,1,0,1,0
82958118,Rehvidsion,Rehvidsion,2,2,2,0,0,0,2,0
28663838,"MADS MYRTUE THOMSEN, STATSAUTORISERET REVISIONSANPARTSSELSKAB","MADS MYRTUE THOMSEN, STATSAUTORISERET REVISIONSANPARTSSELSKAB",2,2,2,0,0,0,2,0
38294539,Svaneke Revision I/S,Svaneke Revision I/S,2,2,0,2,0,0,2,0
28248598,Revisionsfirmaet Højvar & Skaaning,Revisionsfirmaet Højvar & Skaaning,2,2,2,0,0,0,2,0
15515554,J. S. Jakobsen,J. S. Jakobsen,2,2,1,1,0,0,2,0
15534397,Revisionsfirmaet Erik Andersen,Revisionsfirmaet Erik Andersen,2,2,2,0,0,0,2,0
46505190,Beck Mortensen Revision ApS,Beck Mortensen Revision ApS,2,2,0,2,0,0,2,0
30771508,Revisionsfirmaet Højmose,Revisionsfirmaet Højmose,2,2,1,0,1,0,1,0
43629379,Nørgaard Schultz Godkendt Revisionsanpartsselskab,Nørgaard Schultz Godkendt Revisionsanpartsselskab,2,2,2,0,0,0,2,0
42491748,DP Hillerød P/S,DP Hillerød P/S,2,2,2,0,0,0,2,0
39886871,Verum Cura,Verum Cura,2,2,2,0,0,0,2,0
15728000,Revikon,Revikon,2,2,2,0,0,0,2,0
30821963,GLB Revision,GLB Revision,1,1,0,0,1,0,0,0
31071097,DANSK REVISION A/S,DANSK REVISION A/S,1,1,1,0,0,0,1,0
35798153,Registreret Revisionsvirksomhed FD Revision,Registreret Revisionsvirksomhed FD Revision,1,1,1,0,0,0,1,0
15202548,BAYER HOLDING ApS,BAYER HOLDING ApS,1,1,1,0,0,0,1,0
10477549,Henrik Blixenkrone Registreret Revisionsanpartsselskab,Henrik Blixenkrone Registreret Revisionsanpartsselskab,1,1,1,0,0,0,1,0
31943582,TimeVision Frederiksberg,TimeVision Frederiksberg,1,1,0,0,1,0,0,0
19261735,Totalrevision Vordingborg,Totalrevision Vordingborg,1,1,0,1,0,0,1,0
26688027,Revisionsfirmaet Allan Bernhard,Revisionsfirmaet Allan Bernhard,1,1,1,0,0,0,1,0
40299637,Revision Nordjylland Hjørring ApS,Revision Nordjylland Hjørring ApS,1,1,1,0,0,0,1,0
35050469,AC Revision - Registreret Revisionsanpartsselskab,AC Revision - Registreret Revisionsanpartsselskab,1,1,1,0,0,0,1,0
36728027,DK Ejendomsadministration & Ejendomsservice ApS,DK Ejendomsadministration & Ejendomsservice ApS,1,1,1,0,0,0,1,0
39325608,gills-economics,gills-economics,1,1,0,1,0,0,1,0
30506804,RGD REVISIONSPARTNERSELSKAB,RGD REVISIONSPARTNERSELSKAB,1,1,1,0,0,0,1,0
43917455,Revisionsfirmaet Højmose Christiansen ApS,Revisionsfirmaet Højmose Christiansen ApS,1,1,0,0,1,0,0,0
44387263,Alter Audit ApS,Alter Audit ApS,1,1,1,0,0,0,1,0
21813400,Revisionsfirmaet Chr. Knudsen,Revisionsfirmaet Chr. Knudsen,1,1,1,0,0,0,1,0
32825915,NPM Quality Management ApS,NPM Quality Management ApS,1,1,1,0,0,0,1,0
29234590,ABM-Revision,ABM-Revision,1,1,1,0,0,0,1,0
77806113,Rigsrevisionen,Rigsrevisionen,1,1,0,0,1,0,0,0
25635868,National Revision,National Revision,1,1,0,0,1,0,0,0
12549679,Revisorhuset Hasselager,Revisorhuset Hasselager,1,1,1,0,0,0,1,0
10741092,REV af 22/12 1989 ApS,REV af 22/12 1989 ApS,1,0,0,0,0,0,0,0
30709470,Hole Revision,Hole Revision,1,1,1,0,0,0,1,0
37596272,Revisionsfirmaet KRH,Revisionsfirmaet KRH,1,1,1,0,0,0,1,0
27795188,Revico,Revico,1,1,0,0,1,0,0,0
31438748,JuelViborg,JuelViborg,1,1,1,0,0,0,1,0
27350755,Søhøjlandets Regnskabskontor,Søhøjlandets Regnskabskontor,1,1,1,0,0,0,1,0
41071222,Skovborg & Co. P/S,Skovborg & Co. P/S,1,1,1,0,0,0,1,0
36956658,ReviDK,ReviDK,1,1,0,0,1,0,0,0
45265897,Søhøjlandets Rådgivning P/S,Søhøjlandets Rådgivning P/S,1,1,1,0,0,0,1,0
19553876,LDM Revision,LDM Revision,1,1,1,0,0,0,1,0
37381136,FP Revision,FP Revision,1,1,0,0,1,0,0,0
41454555,Revision Limfjord,Revision Limfjord,1,1,0,0,1,0,0,0
35534156,KOMPLEMENTARANPARTSSELSKABET ANDERSEN REVISION,KOMPLEMENTARANPARTSSELSKABET ANDERSEN REVISION,1,1,1,0,0,0,1,0
38914766,RéVision+,RéVision+,1,1,1,0,0,0,1,0
39791374,Aktiv Regnskab og Skat,Aktiv Regnskab og Skat,1,1,1,0,0,0,1,0
32983618,DataBalance,DataBalance,1,1,1,0,0,0,1,0
20082097,Revisionsfirmaet Tommy Jensen,Revisionsfirmaet Tommy Jensen,1,1,0,1,0,0,1,0
46127307,Audit Advisor ApS,Audit Advisor ApS,1,1,1,0,0,0,1,0
26429862,PJ Revision ApS Registrerede Revisorer,PJ Revision ApS Registrerede Revisorer,1,1,1,0,0,0,1,0
28252102,PS Revision,PS Revision,1,1,1,0,0,0,1,0
27022863,Revisionsfirmaet Lars Bo,Revisionsfirmaet Lars Bo,1,1,1,0,0,0,1,0
39090279,One Revision,One Revision,1,1,0,1,0,0,1,0
10841976,OL Revision,OL Revision,1,1,0,1,0,0,1,0
33773188,PwC Statsautoriseret Revisionsanpartsselskab,PwC Statsautoriseret Revisionsanpartsselskab,1,1,1,0,0,0,1,0
10938694,Elley Revision,Elley Revision,1,1,1,0,0,0,1,0
39875926,ReviGroup,ReviGroup,1,1,0,0,1,0,0,0
37701424,Atomwine ApS,Atomwine ApS,1,1,0,1,0,0,1,0
20251883,ReVision+ Brøndby ApS,ReVision+ Brøndby ApS,1,1,0,1,0,0,1,0
31611520,Revipoint,Revipoint,1,1,1,0,0,0,1,0
31622565,Lynge Revisor,Lynge Revisor,1,1,0,0,1,0,0,0
34901694,Asset,Asset,1,1,1,0,0,0,1,0
30217152,Statsautoriseret revisor Michael Stenskrog,Statsautoriseret revisor Michael Stenskrog,1,1,1,0,0,0,1,0
13929297,Revicor,Revicor,1,1,0,0,1,0,0,0
72715454,BJERGGAARD Regnskab og Rådgivning v/ Steen Bjerggaard,BJERGGAARD Regnskab og Rådgivning v/ Steen Bjerggaard,1,1,1,0,0,0,1,0
27288537,ESSET,ESSET,1,1,1,0,0,0,1,0
78168714,KOA Rådgivning & Regnskab ApS,KOA Rådgivning & Regnskab ApS,1,1,1,0,0,0,1,0
33359128,Exacta Gruppen,Exacta Gruppen,1,1,1,0,0,0,1,0
