accounting_office_name,accounting_office_cvr,audits,reviews,extended_reviews,assistance,total_declarations,total_analyses,active_users,distinct_clients_analysed,first_activity_date,latest_activity_date,analyses_per_declaration,adoption_score
Grant Thornton,34209936,945,45,4246,6130,11366,4306,83,518,2024-06-06,2026-06-15,0.378849,0.378849
Revisionsfirmaet Edelbo,35486178,429,0,145,411,985,540,19,71,2024-11-12,2026-06-15,0.548223,0.548223
Skov Revision,27525989,8,1,79,267,355,451,17,44,2024-04-05,2026-06-13,1.270423,1.270423
Revisionsfirmaet Axel Gram,16645699,1,0,94,194,289,252,6,39,2024-03-13,2026-06-13,0.871972,0.871972
Powered-By Statsautoriseret Revisionspartnerselskab,44282380,15,0,220,321,556,223,17,44,2024-10-23,2026-06-10,0.401079,0.401079
BUUS JENSEN I/S STATSAUTORISEREDE REVISORER,36029374,513,33,252,699,1497,162,3,19,2024-11-11,2026-05-23,0.108216,0.108216
Dansk Revision Århus,26717671,68,9,146,401,624,143,15,22,2024-05-03,2026-06-11,0.229167,0.229167
Danrevi Løgstør,10019699,2,0,2,1,5,138,7,21,2024-11-18,2026-06-10,27.600000,27.600000
Leif Mikkelsen & Partnere,32676421,22,0,147,445,614,127,7,18,2024-04-03,2026-05-19,0.206840,0.206840
Revimidt,34480370,11,1,70,357,439,102,6,17,2026-01-27,2026-05-28,0.232346,0.232346
RevisorGruppen I/S,34953619,0,0,0,0,0,91,8,18,2025-03-20,2026-05-06,0.000000,0.000000
Kreston CM,39463113,317,4,244,654,1219,68,7,13,2024-11-29,2026-06-15,0.055783,0.055783
Lægård Revision,18437082,45,2,150,351,548,56,1,7,2024-03-25,2025-04-29,0.102190,0.102190
Albjerg,35382879,347,4,83,646,1080,53,2,7,2025-09-16,2026-06-11,0.049074,0.049074
Piaster Revisorerne,25160037,219,2,345,782,1348,42,1,5,2025-10-07,2025-11-19,0.031157,0.031157
Beierholm,32895468,6691,342,9929,17040,34002,38,9,13,2024-06-13,2026-05-12,0.001118,0.001118
Roesgaard,37543128,860,2,776,1132,2770,32,1,3,2025-01-31,2026-02-24,0.011552,0.011552
Plature,38732420,0,0,0,0,0,26,1,1,2025-11-18,2026-04-17,0.000000,0.000000
Krøyer Pedersen Statsautoriserede Revisorer,89224918,9,13,4,159,185,23,2,3,2024-11-05,2025-06-03,0.124324,0.124324
EY,30700228,4321,30,1802,2173,8326,20,5,7,2024-09-10,2025-02-10,0.002402,0.002402
Dansk Revision Slagelse,29919801,38,3,241,540,822,18,1,1,2025-03-17,2025-09-23,0.021898,0.021898
"Ri, Statsautoriseret Revisionsaktieselskab",53371914,0,0,0,0,0,17,3,5,2024-09-23,2024-11-01,0.000000,0.000000
Martinsen,32285201,1187,50,2670,4243,8150,13,1,2,2024-09-23,2024-10-07,0.001595,0.001595
Partner Revision,15807776,893,2,1477,3043,5415,13,1,1,2024-05-27,2024-08-13,0.002401,0.002401
Ellebæk Revision godkendt revisionsanpartsselskab,43325000,15,0,21,70,106,11,2,3,2025-10-03,2026-02-13,0.103774,0.103774
Taleco ApS,30525035,0,0,0,0,0,9,1,1,2024-09-16,2026-02-20,0.000000,0.000000
LPOG ApS,33167288,17,1,115,319,452,8,2,2,2024-10-11,2024-10-11,0.017699,0.017699
Copenhagen Management Accounting Company ApS,33932464,0,0,0,0,0,8,1,1,2024-09-26,2024-10-14,0.000000,0.000000
Aage Maagensen,12901038,41,15,138,192,386,7,1,1,2025-10-09,2025-10-23,0.018135,0.018135
Ullits & Winther,32093272,151,1,242,415,809,7,1,1,2024-10-29,2024-10-29,0.008653,0.008653
E-conomia Consulting ApS,44268965,0,0,0,0,0,7,1,3,2024-05-06,2024-10-20,0.000000,0.000000
PKF Munkebo Vindelev,14119299,495,2,38,181,716,6,1,1,2026-01-05,2026-01-05,0.008380,0.008380
Roknskaparfelagið skrásettir grannskoðarar Sp/f,413887,0,0,0,0,0,6,2,3,2025-10-30,2025-12-01,0.000000,0.000000
Redmark,29442789,1356,8,1650,3103,6117,5,1,1,2025-04-08,2025-04-08,0.000817,0.000817
Revisionsfirmaet Gutfelt,13254192,5,0,57,80,142,5,1,1,2024-11-05,2024-11-05,0.035211,0.035211
PJ Køleteknik ApS,37654795,0,0,0,0,0,5,1,1,2024-09-23,2024-09-24,0.000000,0.000000
Regnskabsvirksomheden Schaumburg/Bendtsen ApS,28655835,0,0,0,0,0,5,1,1,2024-10-28,2024-10-29,0.000000,0.000000
Revisionscentret Aabenraa,29695636,37,0,384,447,868,4,1,1,2024-09-03,2024-09-03,0.004608,0.004608
ERASMUS & PARTNERE A/S,28493584,0,0,0,0,0,4,1,1,2024-11-05,2024-11-07,0.000000,0.000000
Regnskabsfokus,33578628,0,0,0,0,0,4,1,1,2026-01-05,2026-01-05,0.000000,0.000000
RevisorGruppen I/S,31481945,0,0,0,0,0,4,1,1,2026-02-17,2026-02-18,0.000000,0.000000
The White Box,40612246,0,0,0,0,0,4,1,1,2025-07-16,2025-07-16,0.000000,0.000000
Baagøe Schou,21148148,380,7,195,601,1183,3,1,1,2024-08-13,2024-08-13,0.002536,0.002536
Kovsted & Skovgård,38751646,88,1,370,791,1250,3,1,1,2025-03-26,2025-03-26,0.002400,0.002400
Kreston SR,33948794,38,0,109,399,546,3,1,1,2024-11-25,2024-11-25,0.005495,0.005495
Stoisk,28919719,0,0,0,0,0,2,1,1,2025-04-14,2025-10-23,0.000000,0.000000
PricewaterhouseCoopers,33771231,5714,11,3856,4543,14124,1,1,1,2024-12-16,2024-12-16,0.000071,0.000071
Erhvervshus Midtjylland S/I,40084606,0,0,0,0,0,1,1,1,2025-02-06,2025-02-06,0.000000,0.000000
Gaaga,42027995,0,0,0,0,0,1,1,1,2025-12-17,2025-12-17,0.000000,0.000000
NM Regnskab ApS,44729989,0,0,0,0,0,1,1,1,2024-09-29,2024-09-29,0.000000,0.000000
RegnskabsHuset.com,18067676,0,0,0,0,0,1,1,1,2025-05-20,2025-05-20,0.000000,0.000000
RegnskabsHuset.com,42495654,0,0,0,0,0,1,1,1,2025-05-20,2025-05-20,0.000000,0.000000
RevisorGruppen I/S,32938213,0,0,0,0,0,1,1,1,2025-11-28,2025-11-28,0.000000,0.000000
Sand bogholderi,42269425,0,0,0,0,0,1,1,1,2025-10-21,2025-10-21,0.000000,0.000000
Taleco ApS,39446235,0,0,0,0,0,1,1,1,2024-05-08,2024-05-08,0.000000,0.000000
Vestjysk Consulting,30498674,0,0,0,0,0,1,1,1,2024-10-10,2024-10-10,0.000000,0.000000
#VALUE!,27083978,0,0,0,0,0,1,1,1,2025-10-02,2025-10-02,0.000000,0.000000
2+ Revision,39701863,49,0,141,152,342,0,0,0,,,0.000000,0.000000
2+ Revision Grønland Statsautoriserede Revisorer ApS,42793744,3,0,16,37,56,0,0,0,,,0.000000,0.000000
2A Revision,37903949,0,0,0,116,116,0,0,0,,,0.000000,0.000000
2TalRevision,29091331,17,0,52,220,289,0,0,0,,,0.000000,0.000000
2TalRevision v/Jan Christensen,20935790,0,0,19,39,58,0,0,0,,,0.000000,0.000000
3H Revision,98088857,0,0,0,0,0,0,0,0,,,0.000000,0.000000
A Albrechtsen Revision,10291984,0,0,0,0,0,0,0,0,,,0.000000,0.000000
A Revision,18186144,0,0,0,0,0,0,0,0,,,0.000000,0.000000
A. Bjørn - Statsautoriseret revisionsanpartsselskab,30898664,0,0,0,1,1,0,0,0,,,0.000000,0.000000
A4 Revsion,29205043,0,0,0,0,0,0,0,0,,,0.000000,0.000000
AA revisionsanpartsselskabet,27607764,0,0,0,45,45,0,0,0,,,0.000000,0.000000
Aaen & Co.,33241763,186,10,292,961,1449,0,0,0,,,0.000000,0.000000
Aage & Povl Holm,14759840,6,0,3,71,80,0,0,0,,,0.000000,0.000000
ABL Revision,39702215,0,0,0,139,139,0,0,0,,,0.000000,0.000000
ABM-Revision,29234590,0,0,0,1,1,0,0,0,,,0.000000,0.000000
Abrahamsen Revision,41109483,6,0,21,121,148,0,0,0,,,0.000000,0.000000
AB-Revision,26624479,0,0,1,63,64,0,0,0,,,0.000000,0.000000
AC Revision - Registreret Revisionsanpartsselskab,35050469,0,0,0,1,1,0,0,0,,,0.000000,0.000000
Activ-Revision,90566059,0,0,0,0,0,0,0,0,,,0.000000,0.000000
ADDCO P/S Godkendte Revisorer,36464852,21,4,53,275,353,0,0,0,,,0.000000,0.000000
Addere Revision,34589992,342,5,172,538,1057,0,0,0,,,0.000000,0.000000
Addvisers,32888658,0,0,0,27,27,0,0,0,,,0.000000,0.000000
Advisor-Revision,34213798,58,1,0,201,260,0,0,0,,,0.000000,0.000000
Advosion,37557064,77,0,119,318,514,0,0,0,,,0.000000,0.000000
Afrodite Hår og Trend v/Rita Truelsen,26916402,0,0,0,7,7,0,0,0,,,0.000000,0.000000
Agenda Revision,32160565,12,0,67,148,227,0,0,0,,,0.000000,0.000000
Agerbor Gruppen,31742781,1,0,8,86,95,0,0,0,,,0.000000,0.000000
Agillix Fmba,45000370,0,0,0,277,277,0,0,0,,,0.000000,0.000000
Agri Nord,29038597,0,0,0,0,0,0,0,0,,,0.000000,0.000000
AHJ Revision,27489559,0,0,0,44,44,0,0,0,,,0.000000,0.000000
A-INVEST KONTOR- OG BOGFØRINGSASSISTANCE ApS,19154807,0,0,0,0,0,0,0,0,,,0.000000,0.000000
aj2,21090174,0,0,0,21,21,0,0,0,,,0.000000,0.000000
Aktiv Regnskab og Skat,39791374,0,0,0,1,1,0,0,0,,,0.000000,0.000000
Aktiv Revision og Rådgivning,12488106,0,0,0,0,0,0,0,0,,,0.000000,0.000000
Aktiv Revision Silkeborg,14788107,7,0,51,152,210,0,0,0,,,0.000000,0.000000
Alexandersen Revision,11916546,0,0,0,0,0,0,0,0,,,0.000000,0.000000
Algade Revision,35663916,46,1,71,263,381,0,0,0,,,0.000000,0.000000
Alpha Revision v/Søren Nymann,38269216,0,0,0,0,0,0,0,0,,,0.000000,0.000000
Alt i Regnskab & Rådgivning ApS,44405016,0,0,0,54,54,0,0,0,,,0.000000,0.000000
Alter Audit ApS,44387263,2,0,1,1,4,0,0,0,,,0.000000,0.000000
Andersen,10108454,0,0,0,1,1,0,0,0,,,0.000000,0.000000
Andersen & Novakovic statsautoriseret revisionsanpartsselskab,44535122,1,0,9,73,83,0,0,0,,,0.000000,0.000000
Andersen og Partnere,26668840,2,0,0,74,76,0,0,0,,,0.000000,0.000000
Andersen Revision,32326706,53,4,116,191,364,0,0,0,,,0.000000,0.000000
Andersen Revision & Rådgivning,38347799,0,0,0,14,14,0,0,0,,,0.000000,0.000000
Anker Høst,31626536,7,0,148,348,503,0,0,0,,,0.000000,0.000000
APEX Statsautoriserede revisorer ApS,42936847,5,0,78,135,218,0,0,0,,,0.000000,0.000000
A-revisor,29105545,0,0,0,7,7,0,0,0,,,0.000000,0.000000
ARIES,26454123,25,0,17,54,96,0,0,0,,,0.000000,0.000000
Aros,29690065,62,0,378,738,1178,0,0,0,,,0.000000,0.000000
Asgård Finans,26186897,0,0,0,8,8,0,0,0,,,0.000000,0.000000
Asla Revision,28483902,1,0,33,83,117,0,0,0,,,0.000000,0.000000
Asset,34901694,0,0,0,2,2,0,0,0,,,0.000000,0.000000
Assistance og rådgivning ApS,21821578,0,0,0,0,0,0,0,0,,,0.000000,0.000000
Atomwine ApS,37701424,0,0,1,0,1,0,0,0,,,0.000000,0.000000
Attent Statsautoriseret Revisionsanpartsselskab,36427205,39,0,94,179,312,0,0,0,,,0.000000,0.000000
Attiri,33357966,5,0,44,174,223,0,0,0,,,0.000000,0.000000
Audit Advisor ApS,46127307,0,0,0,1,1,0,0,0,,,0.000000,0.000000
Augusta,36445386,0,0,0,0,0,0,0,0,,,0.000000,0.000000
B.C. Revision,45556158,0,0,0,8,8,0,0,0,,,0.000000,0.000000
B.F. Rådgivning Herning,29509026,0,0,0,21,21,0,0,0,,,0.000000,0.000000
Badsted Revision,10838576,0,0,0,0,0,0,0,0,,,0.000000,0.000000
Bæk Revision,16557390,0,0,1,36,37,0,0,0,,,0.000000,0.000000
Baker Tilly Denmark,35257691,806,6,1164,1813,3789,0,0,0,,,0.000000,0.000000
Barrett revisionsanpartsselskab,28842562,14,0,29,321,364,0,0,0,,,0.000000,0.000000
BAYER HOLDING ApS,15202548,0,0,0,1,1,0,0,0,,,0.000000,0.000000
Bays Revisionskontor,20183497,3,0,60,454,517,0,0,0,,,0.000000,0.000000
BB Revision,27917038,0,0,0,0,0,0,0,0,,,0.000000,0.000000
BDO,45719375,1310,27,5282,11666,18285,0,0,0,,,0.000000,0.000000
Beck Mortensen Revision ApS,46505190,0,0,2,0,2,0,0,0,,,0.000000,0.000000
Beierholm,24207501,0,0,0,0,0,0,0,0,,,0.000000,0.000000
BENGT MØLLER REGISTRERET REVISOR,84473413,0,0,0,0,0,0,0,0,,,0.000000,0.000000
Berg Rådgivning ApS,41234253,0,0,0,0,0,0,0,0,,,0.000000,0.000000
Bergmann,54213255,0,0,0,0,0,0,0,0,,,0.000000,0.000000
Betternumbers P/S,42216011,0,0,5,35,40,0,0,0,,,0.000000,0.000000
BG Statsautoriserede revisorer ApS,43196863,17,0,47,169,233,0,0,0,,,0.000000,0.000000
BHA Statsautoriseret Revision,18967901,59,0,82,257,398,0,0,0,,,0.000000,0.000000
BHS,15772573,0,0,0,0,0,0,0,0,,,0.000000,0.000000
Bidstrup Revision,17578235,0,0,5,25,30,0,0,0,,,0.000000,0.000000
Bille & Buch-Andersen,18282046,64,6,86,300,456,0,0,0,,,0.000000,0.000000
Birkebæk Revision,16950394,0,0,0,0,0,0,0,0,,,0.000000,0.000000
Bisbjerg & Partners P/S,44742969,2,0,5,43,50,0,0,0,,,0.000000,0.000000
BJ Administration,32651674,0,0,0,0,0,0,0,0,,,0.000000,0.000000
BJ Regnskab,14327746,22,2,54,97,175,0,0,0,,,0.000000,0.000000
Bjarke Kjær,31885191,2,0,30,145,177,0,0,0,,,0.000000,0.000000
Bjarne Bertelsen,28711395,1,0,5,4,10,0,0,0,,,0.000000,0.000000
Bjarne Engbjerg-Pedersen,16579106,0,0,0,20,20,0,0,0,,,0.000000,0.000000
BJERGGAARD Regnskab og Rådgivning v/ Steen Bjerggaard,72715454,0,0,0,2,2,0,0,0,,,0.000000,0.000000
Bjørnlaursen,32671594,52,0,4,179,235,0,0,0,,,0.000000,0.000000
BK Revision ApS,12140363,0,0,0,0,0,0,0,0,,,0.000000,0.000000
BK-Revision,12967594,0,0,0,22,22,0,0,0,,,0.000000,0.000000
Blicher Revision & Rådgivning,78337818,139,9,137,467,752,0,0,0,,,0.000000,0.000000
BMM Consult,18079739,0,0,0,18,18,0,0,0,,,0.000000,0.000000
BN Consult,73980828,0,0,0,0,0,0,0,0,,,0.000000,0.000000
BN Revision,46906012,0,0,0,0,0,0,0,0,,,0.000000,0.000000
Bogføring / Regnskab,16942375,0,0,0,0,0,0,0,0,,,0.000000,0.000000
Boreco,36074981,32,1,109,350,492,0,0,0,,,0.000000,0.000000
Borg Revision v/Olav Borg Christensen,20938692,0,0,0,7,7,0,0,0,,,0.000000,0.000000
"Bornhøft & Lindemann, Registreret Revisionsanpartsselskab",41672625,0,0,15,84,99,0,0,0,,,0.000000,0.000000
Bornholms Landbrug & Fødevarer,29441677,0,0,0,0,0,0,0,0,,,0.000000,0.000000
Bornholms Revision,37858498,30,0,75,62,167,0,0,0,,,0.000000,0.000000
"Breindal, statsautoriseret revisionsanpartsselskab",41733950,0,0,0,0,0,0,0,0,,,0.000000,0.000000
Brendstrup Revision,14371435,0,0,0,0,0,0,0,0,,,0.000000,0.000000
Bro Søndergaard Statsautoriseret Revisionsanpartsselskab,41657332,35,9,56,74,174,0,0,0,,,0.000000,0.000000
Broernes Revision,27616690,0,0,0,42,42,0,0,0,,,0.000000,0.000000
"Broernes Revision, Reg Revisorer",14310533,1,0,4,0,5,0,0,0,,,0.000000,0.000000
Brønshøj Regnskab,36709030,2,0,0,4,6,0,0,0,,,0.000000,0.000000
Brørup Revisionskontor,13260982,0,0,0,0,0,0,0,0,,,0.000000,0.000000
Brun Blaa ApS,41815043,0,0,0,0,0,0,0,0,,,0.000000,0.000000
Buch&Nørgaard,71344517,5,0,44,98,147,0,0,0,,,0.000000,0.000000
Buller Tex Flemming Olsen,32560164,5,0,0,0,5,0,0,0,,,0.000000,0.000000
Burholt Revision,20833696,0,0,0,0,0,0,0,0,,,0.000000,0.000000
C&J Revision,26326931,0,0,1,2,3,0,0,0,,,0.000000,0.000000
Capture,28126131,2,0,2,31,35,0,0,0,,,0.000000,0.000000
Carsten Bjørn Jensen,25452313,0,0,0,8,8,0,0,0,,,0.000000,0.000000
CBK Revision,14604448,22,0,0,5,27,0,0,0,,,0.000000,0.000000
CCH Revision,27015476,0,0,0,0,0,0,0,0,,,0.000000,0.000000
CDO Revison,15897473,0,0,0,48,48,0,0,0,,,0.000000,0.000000
Center Revision Kjellerup,29618038,10,0,37,162,209,0,0,0,,,0.000000,0.000000
Centerrevision Billund,20806346,0,0,0,0,0,0,0,0,,,0.000000,0.000000
Centrum Revision v/ Henrik Søeborg,14548599,0,0,3,29,32,0,0,0,,,0.000000,0.000000
Centrum Revision V/Kurt Håkonsson,17037307,31,0,8,50,89,0,0,0,,,0.000000,0.000000
Christensen & Kjær,28320124,41,3,72,170,286,0,0,0,,,0.000000,0.000000
Christensen Kjærulff,15915641,701,25,902,1409,3037,0,0,0,,,0.000000,0.000000
City Revision,37048755,0,0,0,0,0,0,0,0,,,0.000000,0.000000
CJ Partnership,53375812,0,0,0,0,0,0,0,0,,,0.000000,0.000000
CKF Revision ApS Godkendt revisionsfirma,31782139,0,0,51,135,186,0,0,0,,,0.000000,0.000000
Claus Carlsen,30553535,0,0,0,33,33,0,0,0,,,0.000000,0.000000
Complet Revision,30077288,2,0,63,253,318,0,0,0,,,0.000000,0.000000
COMPTA,25072596,0,0,0,19,19,0,0,0,,,0.000000,0.000000
Compu Revision,15618175,0,1,84,146,231,0,0,0,,,0.000000,0.000000
Consens,39751445,9,0,41,119,169,0,0,0,,,0.000000,0.000000
Counted ApS,46110099,1,0,6,4,11,0,0,0,,,0.000000,0.000000
CR Revison,31115086,0,0,0,21,21,0,0,0,,,0.000000,0.000000
Crowe,33256876,267,12,352,482,1113,0,0,0,,,0.000000,0.000000
CTM Revision,33160364,4,0,0,43,47,0,0,0,,,0.000000,0.000000
CURA Revision,34330042,0,0,11,95,106,0,0,0,,,0.000000,0.000000
CY Consult ApS,41474084,0,0,0,0,0,0,0,0,,,0.000000,0.000000
"Dahl, Rask & Partnere",10422183,6,0,110,273,389,0,0,0,,,0.000000,0.000000
"Dalsgaard, Stahl & Wøldike",21696382,15,0,137,274,426,0,0,0,,,0.000000,0.000000
Damborg Revision og Rådgivning,15710373,0,0,0,5,5,0,0,0,,,0.000000,0.000000
Damgaard & Enevoldsen,24257770,0,0,0,0,0,0,0,0,,,0.000000,0.000000
Damgaard Revision,33074441,15,0,7,81,103,0,0,0,,,0.000000,0.000000
Danborg Revision,27289940,2,0,0,22,24,0,0,0,,,0.000000,0.000000
Danica,37603686,7,0,35,483,525,0,0,0,,,0.000000,0.000000
Danrevi Bramming,24257614,0,0,0,0,0,0,0,0,,,0.000000,0.000000
Danrevi Løgstør,27125611,3,0,57,131,191,0,0,0,,,0.000000,0.000000
DanRevision Statsautoriseret Revisionsanpartsselskab,41552204,11,0,31,42,84,0,0,0,,,0.000000,0.000000
Dansk Center Revision,94431468,0,0,1,18,19,0,0,0,,,0.000000,0.000000
DANSK REVISION A/S,31071097,0,0,0,1,1,0,0,0,,,0.000000,0.000000
Dansk Revision Aalborg,17835998,36,2,83,209,330,0,0,0,,,0.000000,0.000000
Dansk Revision Brønderslev,14795707,12,0,21,149,182,0,0,0,,,0.000000,0.000000
Dansk Revision Esbjerg,26993695,28,0,146,463,637,0,0,0,,,0.000000,0.000000
Dansk Revision Frederikssund,86141019,56,1,73,291,421,0,0,0,,,0.000000,0.000000
Dansk Revision Hillerød,26580390,70,0,104,261,435,0,0,0,,,0.000000,0.000000
Dansk Revision Holbæk,28853343,101,2,190,481,774,0,0,0,,,0.000000,0.000000
Dansk Revision København,32671608,0,0,0,0,0,0,0,0,,,0.000000,0.000000
Dansk Revision Odense,82218912,68,1,322,526,917,0,0,0,,,0.000000,0.000000
Dansk Revision Randers,31778530,1,0,0,1,2,0,0,0,,,0.000000,0.000000
Dansk Revision Roskilde,14678093,153,3,67,292,515,0,0,0,,,0.000000,0.000000
Dansk Revision Silkeborg,21678309,0,0,0,0,0,0,0,0,,,0.000000,0.000000
Dansk Revision Skive,25172795,8,0,69,150,227,0,0,0,,,0.000000,0.000000
Dansk Revision Søborg,14649905,108,1,153,540,802,0,0,0,,,0.000000,0.000000
Dansk Revision Sønderborg,30816471,9,0,86,158,253,0,0,0,,,0.000000,0.000000
Dansk Revision Tønder,33219229,1,0,5,112,118,0,0,0,,,0.000000,0.000000
Dansk Revision Viborg,20336390,28,1,55,360,444,0,0,0,,,0.000000,0.000000
Dansk Revision Wulff & Haaning,36920289,32,0,94,229,355,0,0,0,,,0.000000,0.000000
Dask Gruppen,13889686,0,0,0,0,0,0,0,0,,,0.000000,0.000000
DataBalance,32983618,0,0,0,3,3,0,0,0,,,0.000000,0.000000
Datarevision FRR,54504055,0,0,0,0,0,0,0,0,,,0.000000,0.000000
DAVS,25319435,0,0,0,0,0,0,0,0,,,0.000000,0.000000
De Små Revisorer ApS,41583479,0,0,0,0,0,0,0,0,,,0.000000,0.000000
Deko Rådgivning ApS,44387255,0,0,0,0,0,0,0,0,,,0.000000,0.000000
Deloitte,24213714,0,0,0,0,0,0,0,0,,,0.000000,0.000000
Deloitte,33963556,4578,28,4567,2566,11739,0,0,0,,,0.000000,0.000000
Delta Administration,13850232,0,0,0,13,13,0,0,0,,,0.000000,0.000000
Din Revisor,35407359,0,1,46,219,266,0,0,0,,,0.000000,0.000000
Din Revisor Amager ApS Godkendte revisorer,44396033,1,0,7,35,43,0,0,0,,,0.000000,0.000000
Din Revisor Svaneke ApS Godkendte revisorer,45016501,12,0,52,153,217,0,0,0,,,0.000000,0.000000
Dissing Revision,42395358,0,0,0,0,0,0,0,0,,,0.000000,0.000000
Djurs Revision,19713830,2,0,14,41,57,0,0,0,,,0.000000,0.000000
DK Ejendomsadministration & Ejendomsservice ApS,36728027,0,0,0,1,1,0,0,0,,,0.000000,0.000000
DLBR Revision,32451195,13,0,265,68,346,0,0,0,,,0.000000,0.000000
DM Revision,14569391,0,0,33,121,154,0,0,0,,,0.000000,0.000000
"DM Revisionsfirma af 1993, Registreret Revisionsanpartsselskab",39473321,0,0,14,42,56,0,0,0,,,0.000000,0.000000
Døssing & Partnere,54879911,0,0,0,0,0,0,0,0,,,0.000000,0.000000
DP Hillerød P/S,42491748,0,0,0,7,7,0,0,0,,,0.000000,0.000000
DR af 15. august 2016,75938713,0,0,0,0,0,0,0,0,,,0.000000,0.000000
DR Revision,36479760,1,1,9,20,31,0,0,0,,,0.000000,0.000000
DSH-Revision,19674193,3,0,62,155,220,0,0,0,,,0.000000,0.000000
"Dueholm & Partnere, Godkendt Revisionshus",21631930,35,0,36,163,234,0,0,0,,,0.000000,0.000000
Dupont Revision,26563976,4,0,2,15,21,0,0,0,,,0.000000,0.000000
Dupont Revision & Rådgivning,26887801,0,0,0,25,25,0,0,0,,,0.000000,0.000000
DVU,21860506,17,0,0,42,59,0,0,0,,,0.000000,0.000000
EBK Smørum ApS,43487469,0,0,1,2,3,0,0,0,,,0.000000,0.000000
EC Økonomi og regnskab,35926585,0,0,0,5,5,0,0,0,,,0.000000,0.000000
ECO Revision,35891986,0,0,0,92,92,0,0,0,,,0.000000,0.000000
Ecomentor,26063221,0,0,0,0,0,0,0,0,,,0.000000,0.000000
Eco-Team,27966675,105,6,6,422,539,0,0,0,,,0.000000,0.000000
Ecovis Danmark,28939523,81,6,75,160,322,0,0,0,,,0.000000,0.000000
Egedal Revision,38035169,0,0,0,0,0,0,0,0,,,0.000000,0.000000
Egelund Revision,20474882,1,0,1,20,22,0,0,0,,,0.000000,0.000000
Egon Pedersen Revision,88248228,9,0,15,44,68,0,0,0,,,0.000000,0.000000
Egtved Revisionskontor,27910165,2,0,5,52,59,0,0,0,,,0.000000,0.000000
EKL Revision,30175859,0,0,0,0,0,0,0,0,,,0.000000,0.000000
Elisabeth Jessen,11113575,0,0,0,0,0,0,0,0,,,0.000000,0.000000
Elite-Revision,25477367,0,0,9,26,35,0,0,0,,,0.000000,0.000000
Ellebæk Revision,26287030,0,0,0,0,0,0,0,0,,,0.000000,0.000000
Elley Revision,10938694,0,0,0,3,3,0,0,0,,,0.000000,0.000000
EMV,35865136,0,0,0,21,21,0,0,0,,,0.000000,0.000000
EN Frederikshavn,16009644,0,0,0,0,0,0,0,0,,,0.000000,0.000000
Engelsted Petersen,20658231,0,0,0,0,0,0,0,0,,,0.000000,0.000000
ERC Revision,34205078,0,0,0,0,0,0,0,0,,,0.000000,0.000000
eRevision Statsautoriseret Revisionsanpartsselskab,45086607,0,0,9,125,134,0,0,0,,,0.000000,0.000000
E-Revisor.com,36412143,1,0,26,174,201,0,0,0,,,0.000000,0.000000
Erhvervs Consult ApS,35868828,9,0,0,56,65,0,0,0,,,0.000000,0.000000
Erhvervsrevisorerne i Vejle,26273110,13,1,30,97,141,0,0,0,,,0.000000,0.000000
ERM Horsens,33501188,0,0,0,0,0,0,0,0,,,0.000000,0.000000
ESSET,27288537,0,0,0,3,3,0,0,0,,,0.000000,0.000000
Exacta Gruppen,33359128,0,0,0,1,1,0,0,0,,,0.000000,0.000000
EXACTA REGNSKAB ApS,25914481,0,0,0,0,0,0,0,0,,,0.000000,0.000000
Exacta Revision ApS,24224724,0,0,0,0,0,0,0,0,,,0.000000,0.000000
Exante Revision,70694611,0,0,0,0,0,0,0,0,,,0.000000,0.000000
Excell Revision,32428932,0,0,0,12,12,0,0,0,,,0.000000,0.000000
EY,33946171,3,0,0,0,3,0,0,0,,,0.000000,0.000000
EY,35683194,0,0,0,0,0,0,0,0,,,0.000000,0.000000
Eybye Invest,27527027,0,0,0,27,27,0,0,0,,,0.000000,0.000000
F I Revision,12576986,0,0,0,39,39,0,0,0,,,0.000000,0.000000
F.J. Revision,76534268,0,0,0,22,22,0,0,0,,,0.000000,0.000000
FC regnskab,36971339,0,0,0,0,0,0,0,0,,,0.000000,0.000000
FER Fyns Erhvervsrevision,21447587,9,0,58,140,207,0,0,0,,,0.000000,0.000000
Fetterlein,36081848,4,1,0,31,36,0,0,0,,,0.000000,0.000000
Fidura Statsautoriseret Revisionsanpartsselskab,45740986,0,0,2,14,16,0,0,0,,,0.000000,0.000000
Finansion v/ revisor Jens Møller,41418737,0,0,0,0,0,0,0,0,,,0.000000,0.000000
Firat Group,21617881,0,0,0,0,0,0,0,0,,,0.000000,0.000000
Fischer & Kragh ApS,38392867,0,0,0,0,0,0,0,0,,,0.000000,0.000000
FJH Revision,18165406,0,0,0,0,0,0,0,0,,,0.000000,0.000000
FKS Revision,26306175,0,0,15,131,146,0,0,0,,,0.000000,0.000000
Flemming Johannsen,31095018,0,0,0,0,0,0,0,0,,,0.000000,0.000000
FN Revision,29747792,2,12,2,8,24,0,0,0,,,0.000000,0.000000
Fokusrevision.dk,26996430,0,0,0,0,0,0,0,0,,,0.000000,0.000000
FP Revision,37381136,1,0,0,0,1,0,0,0,,,0.000000,0.000000
Funder & Henriksen,29628777,0,0,2,2,4,0,0,0,,,0.000000,0.000000
Furesø Revision,27969933,0,0,0,3,3,0,0,0,,,0.000000,0.000000
Fynbo Revision,19706974,0,0,6,63,69,0,0,0,,,0.000000,0.000000
G2 Revision,32285538,0,0,0,0,0,0,0,0,,,0.000000,0.000000
GBH Revision & Rådgivning,17610430,6,3,43,206,258,0,0,0,,,0.000000,0.000000
GE Revision & Rådgivning,25187091,2,0,8,39,49,0,0,0,,,0.000000,0.000000
Gilfelt Revision,28108303,20,1,31,107,159,0,0,0,,,0.000000,0.000000
gills-economics,39325608,0,0,1,0,1,0,0,0,,,0.000000,0.000000
GLB Revision,30821963,1,0,0,0,1,0,0,0,,,0.000000,0.000000
Global Revision,28121717,1,0,0,1,2,0,0,0,,,0.000000,0.000000
Glud&Ko,31811694,0,0,0,0,0,0,0,0,,,0.000000,0.000000
GoAudit,37205907,3,0,9,29,41,0,0,0,,,0.000000,0.000000
Greve Strands Revision,52992753,1,0,3,56,60,0,0,0,,,0.000000,0.000000
Grønborg Revision,75076118,7,0,1,39,47,0,0,0,,,0.000000,0.000000
Gronemanns,32563627,0,0,11,80,91,0,0,0,,,0.000000,0.000000
"Grønlands Revision A/S, statsautoriserede revisorer",41762667,9,0,28,46,83,0,0,0,,,0.000000,0.000000
Grønlands Revision Godkendt Revisionspartnerselskab,46201515,46,0,31,36,113,0,0,0,,,0.000000,0.000000
GS Event + Revisionplus,73881412,0,0,0,0,0,0,0,0,,,0.000000,0.000000
Gundsø Revision,76475512,15,0,27,0,42,0,0,0,,,0.000000,0.000000
Gunnar Bendixen,71220168,0,0,0,0,0,0,0,0,,,0.000000,0.000000
GV Revision,25122402,0,0,0,21,21,0,0,0,,,0.000000,0.000000
H D Consult,27796001,0,0,0,2,2,0,0,0,,,0.000000,0.000000
Haamann A/S,24256995,0,0,0,1,1,0,0,0,,,0.000000,0.000000
Haamann Statsautoriseret Revisionspartnerselskab,39408198,32,8,39,150,229,0,0,0,,,0.000000,0.000000
HALLERUP STATSAUTORISERET REVISOR ApS,79157511,0,0,0,1,1,0,0,0,,,0.000000,0.000000
Hans Jørgen Nielsen,20080450,0,0,0,0,0,0,0,0,,,0.000000,0.000000
Harboe Consult,35649417,54,0,89,554,697,0,0,0,,,0.000000,0.000000
Harboe og B.,33649452,0,0,14,136,150,0,0,0,,,0.000000,0.000000
Hartvig & Aalund,31478383,0,0,0,28,28,0,0,0,,,0.000000,0.000000
"Hartzberg+, statsautoriseret revisionsanpartsselskab",40535349,0,0,0,0,0,0,0,0,,,0.000000,0.000000
HE Revision,29404992,0,2,16,54,72,0,0,0,,,0.000000,0.000000
Hedelund revision & rådgivning,36762454,0,0,0,40,40,0,0,0,,,0.000000,0.000000
Helledie Revision,39164388,14,0,24,145,183,0,0,0,,,0.000000,0.000000
Henrik Blixenkrone Registreret Revisionsanpartsselskab,10477549,0,0,0,1,1,0,0,0,,,0.000000,0.000000
Henrik Hansen Revision,10054192,0,0,0,0,0,0,0,0,,,0.000000,0.000000
Hestehavens Revison,31579325,0,0,4,3,7,0,0,0,,,0.000000,0.000000
HH Bogføring og Regnskab,41316489,0,0,0,0,0,0,0,0,,,0.000000,0.000000
HJ Revision ApS,38140515,0,0,0,182,182,0,0,0,,,0.000000,0.000000
HKP Revision,12354746,1,0,0,15,16,0,0,0,,,0.000000,0.000000
HK-revision,18767333,1,0,0,21,22,0,0,0,,,0.000000,0.000000
Høffner Revision,76637415,0,0,7,78,85,0,0,0,,,0.000000,0.000000
Holberg Invest ApS,42657638,0,0,0,0,0,0,0,0,,,0.000000,0.000000
Holberg revision,35638288,0,0,0,0,0,0,0,0,,,0.000000,0.000000
Hole Revision,30709470,0,0,0,2,2,0,0,0,,,0.000000,0.000000
Holm Hansen Statsautoriseret Revisionspartnerselskab,35042520,2,0,0,2,4,0,0,0,,,0.000000,0.000000
Hovedstadens Revisionshus ApS,36894415,0,0,0,0,0,0,0,0,,,0.000000,0.000000
HR Revision ApS,46151607,7,0,1,0,8,0,0,0,,,0.000000,0.000000
Huset Under Linden,73643716,0,0,0,0,0,0,0,0,,,0.000000,0.000000
HvidebækRevisoren,28931581,0,0,0,1,1,0,0,0,,,0.000000,0.000000
I.H. Revision v/ Hanne Henningsen,19617203,0,0,0,20,20,0,0,0,,,0.000000,0.000000
Ib Rohde,30905652,5,0,29,180,214,0,0,0,,,0.000000,0.000000
IGM Revision v/iben green madsen,52886252,0,0,0,21,21,0,0,0,,,0.000000,0.000000
IHC Holding Kolding,31501601,0,0,0,4,4,0,0,0,,,0.000000,0.000000
Inforevision,19263096,1130,16,655,1131,2932,0,0,0,,,0.000000,0.000000
Intension,26632315,1,0,37,137,175,0,0,0,,,0.000000,0.000000
J H Regnskab v/Jan Ekmann Hørsel,20415991,14,0,3,139,156,0,0,0,,,0.000000,0.000000
J. Aarøe Statsautoriseret Revisionsanpartsselskab,34058059,0,0,0,0,0,0,0,0,,,0.000000,0.000000
J. S. Jakobsen,15515554,0,0,1,1,2,0,0,0,,,0.000000,0.000000
Jajaogatterja,40095179,0,0,0,0,0,0,0,0,,,0.000000,0.000000
JBC Revision v/Jørgen Christensen,25979907,3,1,23,21,48,0,0,0,,,0.000000,0.000000
JBL Revision,36491817,0,0,0,1,1,0,0,0,,,0.000000,0.000000
JE Regnskabsservice,17366270,0,0,0,27,27,0,0,0,,,0.000000,0.000000
"Jens Rye, Statsautoriseret Revisor",41694939,0,0,0,7,7,0,0,0,,,0.000000,0.000000
Jes Revision,17016334,0,0,0,10,10,0,0,0,,,0.000000,0.000000
JH Revision,55399719,1,0,1,2,4,0,0,0,,,0.000000,0.000000
"JHL Revision, Esbjerg",40052992,0,0,49,97,146,0,0,0,,,0.000000,0.000000
JL Revision,11286380,0,0,0,0,0,0,0,0,,,0.000000,0.000000
JL Revisorer,31332699,21,5,125,388,539,0,0,0,,,0.000000,0.000000
"John Dalgaard, Statsautoriseret Revisionsanpartsselskab",27192939,0,0,0,9,9,0,0,0,,,0.000000,0.000000
Johnny Hansen Registreret Revisionsanpartsselskab,16933503,0,0,0,61,61,0,0,0,,,0.000000,0.000000
Johnny Kofoed-Jensen,40992138,0,0,0,0,0,0,0,0,,,0.000000,0.000000
Joost & Partner Registreret Revisionsanpartsselskab,63778710,0,0,0,0,0,0,0,0,,,0.000000,0.000000
Jørn Haagensen Statsautoriseret Revisionsanpartsselskab,33759231,0,0,0,0,0,0,0,0,,,0.000000,0.000000
Jørn m. Schmidt Statsautoriseret Revisionsanpartsselskab,28309724,9,0,24,100,133,0,0,0,,,0.000000,0.000000
JP Management Holding,25709888,0,0,0,0,0,0,0,0,,,0.000000,0.000000
"JS Revision, Godkendt Revisionsaktieselskab",37999687,115,1,240,1049,1405,0,0,0,,,0.000000,0.000000
JST Revision,26344735,0,0,0,13,13,0,0,0,,,0.000000,0.000000
JT Adviser,14081844,0,0,0,0,0,0,0,0,,,0.000000,0.000000
JuelViborg,31438748,0,0,0,1,1,0,0,0,,,0.000000,0.000000
Juul & Blicher ApS,45395634,18,0,17,37,72,0,0,0,,,0.000000,0.000000
JVBM Revision,36972912,0,0,0,0,0,0,0,0,,,0.000000,0.000000
Jysk Revision og Rådgivning ApS,43573810,2,0,33,95,130,0,0,0,,,0.000000,0.000000
K.T. Revision Vejle,70969815,42,0,143,265,450,0,0,0,,,0.000000,0.000000
K2 TOP Registreret Revisionsanpartsselskab,30175905,0,0,0,8,8,0,0,0,,,0.000000,0.000000
Kallermann Revision,30195264,282,0,63,375,720,0,0,0,,,0.000000,0.000000
Kappelskov Revision,11790577,7,0,42,151,200,0,0,0,,,0.000000,0.000000
Kara Statsautoriseret Revisionsanpartsselskab,45945189,0,0,1,3,4,0,0,0,,,0.000000,0.000000
Karin Juel Registreret Revisionsvirksomhed,12911580,0,0,0,13,13,0,0,0,,,0.000000,0.000000
Karleby Revision ApS,26252687,0,0,0,1,1,0,0,0,,,0.000000,0.000000
Karsten Andersen Registreret Revisionsvirksomhed,34274657,0,0,2,5,7,0,0,0,,,0.000000,0.000000
Karsten Reher. Revisionsanpartsselskab,76477817,0,0,0,0,0,0,0,0,,,0.000000,0.000000
Kerteminde Revision v/Charlotte Elwain,29573360,0,0,0,27,27,0,0,0,,,0.000000,0.000000
Kildebjerg Revision,26631556,0,0,0,4,4,0,0,0,,,0.000000,0.000000
Kirkhoff,30351002,4,0,4,38,46,0,0,0,,,0.000000,0.000000
Kjær Revision,37984558,1,0,27,84,112,0,0,0,,,0.000000,0.000000
Kjeld Linnebjerg Registreret Revisionsanpartsselskab,15587008,0,0,0,28,28,0,0,0,,,0.000000,0.000000
"Kjeldsen Revision, Statsautoriseret Revisionsanpartsselskab",46115422,1,0,6,10,17,0,0,0,,,0.000000,0.000000
Klar Revision,35827943,5,0,18,152,175,0,0,0,,,0.000000,0.000000
Klinkby Revision v/Lars Klinkby,30006674,1,0,0,22,23,0,0,0,,,0.000000,0.000000
KOA CPH ApS,45107787,4,0,12,9,25,0,0,0,,,0.000000,0.000000
KOA Rådgivning & Regnskab ApS,78168714,0,0,0,1,1,0,0,0,,,0.000000,0.000000
Kobstrup,17294431,0,0,0,37,37,0,0,0,,,0.000000,0.000000
Køge Nord Revision,14149341,0,0,0,13,13,0,0,0,,,0.000000,0.000000
Kolding Erhvervsservice,30817222,0,0,0,61,61,0,0,0,,,0.000000,0.000000
Kolding Herreds Landbrugsforening,21111511,7,1,12,106,126,0,0,0,,,0.000000,0.000000
Kompas Revision,26291593,0,0,8,32,40,0,0,0,,,0.000000,0.000000
KOMPLEMENTARANPARTSSELSKABET ANDERSEN REVISION,35534156,0,0,0,1,1,0,0,0,,,0.000000,0.000000
Konde ApS,38575694,0,0,0,16,16,0,0,0,,,0.000000,0.000000
Kongevejens Revision,25273621,13,0,20,78,111,0,0,0,,,0.000000,0.000000
Konsulent Jens H. Hedegaard,42746452,0,0,6,36,42,0,0,0,,,0.000000,0.000000
Korsgaard Revision,13835640,5,0,36,247,288,0,0,0,,,0.000000,0.000000
KPMG,25578198,501,44,150,144,839,0,0,0,,,0.000000,0.000000
KPMG KOMPLEMENTARSELSKAB ApS,25504070,1,0,3,0,4,0,0,0,,,0.000000,0.000000
Kramer Consulting,38654217,0,0,0,0,0,0,0,0,,,0.000000,0.000000
Kreston AKC,35316957,4,0,3,29,36,0,0,0,,,0.000000,0.000000
Kreston JC,27619096,38,1,53,164,256,0,0,0,,,0.000000,0.000000
Krogh & Thomsen,19154408,3,0,71,127,201,0,0,0,,,0.000000,0.000000
Krøyer Pedersen Statsautoriserede Revisorer P/S,45922391,176,14,301,386,877,0,0,0,,,0.000000,0.000000
Kruse Revision,43113577,0,0,0,6,6,0,0,0,,,0.000000,0.000000
Krydsrevision,38225804,3,1,5,94,103,0,0,0,,,0.000000,0.000000
Kvalitetsrevision,36480254,26,0,204,553,783,0,0,0,,,0.000000,0.000000
Kvist & Jensen,36717785,11,0,2,8,21,0,0,0,,,0.000000,0.000000
"Kvist & Jensen, Grenaa",27478131,0,0,0,1,1,0,0,0,,,0.000000,0.000000
Kvist Revision ApS,38818724,0,0,14,81,95,0,0,0,,,0.000000,0.000000
L.A. Revision,17022970,0,0,5,33,38,0,0,0,,,0.000000,0.000000
Lægers & Tandlægers Revisionskontor,25685229,0,0,0,47,47,0,0,0,,,0.000000,0.000000
Lægers & Tandlægers Revisionskontor Sjælland,33877390,0,0,3,19,22,0,0,0,,,0.000000,0.000000
Landbo Limfjord,26243076,0,0,0,0,0,0,0,0,,,0.000000,0.000000
Landboforeningen Gefion,31123992,0,0,0,1,1,0,0,0,,,0.000000,0.000000
LandboNord,25049608,0,0,0,14,14,0,0,0,,,0.000000,0.000000
LandboThy,41946717,0,0,0,0,0,0,0,0,,,0.000000,0.000000
Landbrugsrådgivning Syd,30719131,0,0,0,158,158,0,0,0,,,0.000000,0.000000
Landwirtschaftlicher Hauptverein für Nordschleswig,16342718,0,0,5,32,37,0,0,0,,,0.000000,0.000000
Langelands Revisionscenter,61225811,0,0,0,0,0,0,0,0,,,0.000000,0.000000
Langelinierevisionen,11303870,0,0,0,31,31,0,0,0,,,0.000000,0.000000
Lars Ole Wiese,30220331,0,0,0,9,9,0,0,0,,,0.000000,0.000000
Lars P Revision,33225172,0,0,9,57,66,0,0,0,,,0.000000,0.000000
"Larsen, Statsautoriseret Revisionsanpartsselskab",45756173,0,0,4,4,8,0,0,0,,,0.000000,0.000000
LB Revision,14047107,0,0,0,0,0,0,0,0,,,0.000000,0.000000
LBV ApS,41358513,0,0,0,0,0,0,0,0,,,0.000000,0.000000
LD&C Statsautoriseret Revisionsanpartsselskab,46080041,0,0,11,49,60,0,0,0,,,0.000000,0.000000
LDM Revision,19553876,0,0,0,2,2,0,0,0,,,0.000000,0.000000
Legato Regnskab og bogføring,33836449,0,0,0,0,0,0,0,0,,,0.000000,0.000000
Lejenregnskabschef.dk,30563670,0,0,0,83,83,0,0,0,,,0.000000,0.000000
Lemvigegnens Landboforening,41503610,0,0,11,90,101,0,0,0,,,0.000000,0.000000
Lerfeldt Revision,20142146,0,0,6,143,149,0,0,0,,,0.000000,0.000000
Leth & Partnere,32789153,16,0,33,161,210,0,0,0,,,0.000000,0.000000
Lidegaard Revision & Rådgivning,27096174,9,3,43,206,261,0,0,0,,,0.000000,0.000000
Lidegaard Revision&Rådgivning,27511511,9,2,41,244,296,0,0,0,,,0.000000,0.000000
Lillebælt Revision,10122058,0,0,0,0,0,0,0,0,,,0.000000,0.000000
Linda Lauritsen,37142042,0,0,0,2,2,0,0,0,,,0.000000,0.000000
Lindeberg Storm Fischer,37821055,82,2,7,124,215,0,0,0,,,0.000000,0.000000
Lindholm Revision,38248677,0,0,4,47,51,0,0,0,,,0.000000,0.000000
LJ Revision,28284160,0,0,0,56,56,0,0,0,,,0.000000,0.000000
Lokal Revision - statsautoriseret revisionsanpartsselskab,41943661,42,2,47,236,327,0,0,0,,,0.000000,0.000000
Lokalrevision,78646411,5,0,5,23,33,0,0,0,,,0.000000,0.000000
"Lorentzen & Partners, Statsautoriserede Revisorer ApS",45328988,10,0,26,26,62,0,0,0,,,0.000000,0.000000
Lou Revision,31579309,25,1,163,254,443,0,0,0,,,0.000000,0.000000
LP Revision & rådgivning,16368342,3,0,0,7,10,0,0,0,,,0.000000,0.000000
Luni Revision,17811371,5,0,6,0,11,0,0,0,,,0.000000,0.000000
Luni Revisions Anpartsselskab,28970641,0,0,0,48,48,0,0,0,,,0.000000,0.000000
Lynge Revisor,31622565,1,0,0,0,1,0,0,0,,,0.000000,0.000000
Lyngen Revision statsautoriseret revisionsanpartsselskab,35050175,4,0,1,24,29,0,0,0,,,0.000000,0.000000
MA Revision v/Morten Andersen,12246099,0,0,0,20,20,0,0,0,,,0.000000,0.000000
"MADS MYRTUE THOMSEN, STATSAUTORISERET REVISIONSANPARTSSELSKAB",28663838,0,0,0,6,6,0,0,0,,,0.000000,0.000000
Mazars Statsautoriseret Revisionspartnerselskab,31061741,92,0,19,51,162,0,0,0,,,0.000000,0.000000
MB Revision ApS,33497326,0,0,0,0,0,0,0,0,,,0.000000,0.000000
MBA Statsautoriseret Revisionsanpartsselskab,33150482,36,1,14,156,207,0,0,0,,,0.000000,0.000000
MBL Revision,40375260,0,0,13,35,48,0,0,0,,,0.000000,0.000000
Meneto Software ApS,39965003,0,0,0,0,0,0,0,0,,,0.000000,0.000000
Mentor TM,27477933,0,0,0,0,0,0,0,0,,,0.000000,0.000000
Mer Revision,32344720,0,0,23,215,238,0,0,0,,,0.000000,0.000000
Michael Kappelhøj,18485907,0,0,0,13,13,0,0,0,,,0.000000,0.000000
Midt Revision,39065797,0,0,0,284,284,0,0,0,,,0.000000,0.000000
MN Revision og Rådgivning,30318269,0,0,0,113,113,0,0,0,,,0.000000,0.000000
MN Revision v/statsaut. revisor Mogens Nielsen,15656042,0,0,0,9,9,0,0,0,,,0.000000,0.000000
Mogens Kibsgaard. Statsautoriseretrevisionsanpartsselskab,67425618,12,0,8,14,34,0,0,0,,,0.000000,0.000000
Møller & Co.,20716142,0,0,0,20,20,0,0,0,,,0.000000,0.000000
Møller & Madsen,30835654,1,1,2,72,76,0,0,0,,,0.000000,0.000000
Møller-Jensen Statsautoriseret Revisionsanpartsselskab,68497817,5,0,53,106,164,0,0,0,,,0.000000,0.000000
Momentum Revision,35238050,13,0,1,89,103,0,0,0,,,0.000000,0.000000
MP Revision,14119507,0,0,54,69,123,0,0,0,,,0.000000,0.000000
MPB Consult,30956400,0,0,0,8,8,0,0,0,,,0.000000,0.000000
MPH Business Consulting ApS,37654728,0,0,0,0,0,0,0,0,,,0.000000,0.000000
MQ Revision,16147591,0,0,0,32,32,0,0,0,,,0.000000,0.000000
MS Revision ApS,40032622,2,2,11,43,58,0,0,0,,,0.000000,0.000000
MTMLB,36909935,2,0,9,83,94,0,0,0,,,0.000000,0.000000
Multi Revision,31929342,1,0,42,183,226,0,0,0,,,0.000000,0.000000
Multi Revision Ballerup,15553782,0,0,0,37,37,0,0,0,,,0.000000,0.000000
MunkStrunge,33088205,2,0,68,171,241,0,0,0,,,0.000000,0.000000
N. K. Mortensen A/S Registrerede Revisorer,66090116,0,0,0,0,0,0,0,0,,,0.000000,0.000000
N. K. Mortensen Reg. Revisor ApS,42975958,0,0,0,0,0,0,0,0,,,0.000000,0.000000
N.G. Christensen Statsautoriseret Revisionsanpartsselskab,38695916,7,0,71,136,214,0,0,0,,,0.000000,0.000000
Nærrevision,17524305,69,1,149,607,826,0,0,0,,,0.000000,0.000000
National Revision,25635868,1,0,0,0,1,0,0,0,,,0.000000,0.000000
ND REVISION SØNDERBORG ApS,56387013,0,0,0,0,0,0,0,0,,,0.000000,0.000000
Nejstgaard & Vetlov,12868693,66,0,123,436,625,0,0,0,,,0.000000,0.000000
Nem Revisor ApS,35235892,11,1,79,72,163,0,0,0,,,0.000000,0.000000
Nemli & Partnere Statsautoriserede Revisorer ApS,43514172,1,0,2,7,10,0,0,0,,,0.000000,0.000000
NET-Revision,29389918,0,0,0,6,6,0,0,0,,,0.000000,0.000000
Nexø Revision A/S,41998407,0,0,18,93,111,0,0,0,,,0.000000,0.000000
Next Stage Ventures ApS,37519111,0,0,0,0,0,0,0,0,,,0.000000,0.000000
nf plus,27495753,0,0,0,1,1,0,0,0,,,0.000000,0.000000
NF Plus Revision,36031719,1,0,2,14,17,0,0,0,,,0.000000,0.000000
Nigelema v/Niels Lemmeke Madsen,20113138,2,0,0,24,26,0,0,0,,,0.000000,0.000000
Nils Knudsen NK - REVI,11524192,0,0,0,47,47,0,0,0,,,0.000000,0.000000
Noe & Kirkegaard,15050586,0,0,0,0,0,0,0,0,,,0.000000,0.000000
Nørbak,33065272,0,0,0,0,0,0,0,0,,,0.000000,0.000000
NORDISK ELEMENT BYG A/S,32287913,0,0,0,0,0,0,0,0,,,0.000000,0.000000
Nordisk Revision Godkendt Revisionsanpartsselskab,41835303,0,0,17,51,68,0,0,0,,,0.000000,0.000000
Nordjysk Revision HJ,33064543,0,0,0,10,10,0,0,0,,,0.000000,0.000000
Nordkyst Revision Godkendt Revisionspartnerselskab,37605255,13,0,73,395,481,0,0,0,,,0.000000,0.000000
Nordland Revision-Nordland,25518942,0,0,0,15,15,0,0,0,,,0.000000,0.000000
Nordmors Revision v/Peter Djernes,19941442,6,0,2,57,65,0,0,0,,,0.000000,0.000000
Nørgaard Revision,31131928,0,0,0,26,26,0,0,0,,,0.000000,0.000000
Nørgaard Schultz Godkendt Revisionsanpartsselskab,43629379,0,0,0,50,50,0,0,0,,,0.000000,0.000000
NPM Quality Management ApS,32825915,0,0,0,1,1,0,0,0,,,0.000000,0.000000
NU-REVI,29839328,4,0,0,34,38,0,0,0,,,0.000000,0.000000
NUUK REVISION ApS,12479077,0,0,0,0,0,0,0,0,,,0.000000,0.000000
Nyborg Erhvervsrevision,30546792,4,0,17,107,128,0,0,0,,,0.000000,0.000000
OBK Revision,68216214,0,0,0,17,17,0,0,0,,,0.000000,0.000000
Ødegaard Statsautoriseret Revisionsanpartsselskab,44304635,1,0,16,7,24,0,0,0,,,0.000000,0.000000
Øernes Revision,37121924,36,2,148,686,872,0,0,0,,,0.000000,0.000000
Økonomihuset,28368410,0,0,0,0,0,0,0,0,,,0.000000,0.000000
OL Revision,10841976,0,0,1,0,1,0,0,0,,,0.000000,0.000000
ON Regnskab & Rådgivning,40748083,0,0,2,20,22,0,0,0,,,0.000000,0.000000
One Revision,39090279,0,0,1,1,2,0,0,0,,,0.000000,0.000000
ON-Erklæring ApS,41210974,0,0,0,0,0,0,0,0,,,0.000000,0.000000
ONreVISION,33043163,0,0,0,83,83,0,0,0,,,0.000000,0.000000
Optimal Revision,19233383,29,1,116,331,477,0,0,0,,,0.000000,0.000000
Øresund Revision Statsautoriseret Revisionsanpartsselskab,40127720,14,0,3,3,20,0,0,0,,,0.000000,0.000000
Osmark,27135730,1,0,0,12,13,0,0,0,,,0.000000,0.000000
Østdansk Landboforening,20835400,0,0,0,89,89,0,0,0,,,0.000000,0.000000
Ostenfeld Revision,36071281,1,1,17,90,109,0,0,0,,,0.000000,0.000000
Østrup,32774296,0,0,0,0,0,0,0,0,,,0.000000,0.000000
Oxenvads Regnskabsservice ApS,12741766,0,0,0,20,20,0,0,0,,,0.000000,0.000000
OX-INVEST ApS,20799544,0,0,0,0,0,0,0,0,,,0.000000,0.000000
Pandrup Revision,38897713,0,0,0,16,16,0,0,0,,,0.000000,0.000000
Parker Randall,26998549,0,0,0,0,0,0,0,0,,,0.000000,0.000000
Patriotisk Selskab,61676228,3,0,7,47,57,0,0,0,,,0.000000,0.000000
PC-Revision Gentofte,30969103,2,0,0,4,6,0,0,0,,,0.000000,0.000000
PDG-Revision,36490977,0,0,0,0,0,0,0,0,,,0.000000,0.000000
Peter Madsen Registreret Revisionsanpartsselskab,25362403,0,0,0,0,0,0,0,0,,,0.000000,0.000000
PHA Revision,11392903,0,0,0,0,0,0,0,0,,,0.000000,0.000000
Pibe Mølle Revision,19123286,0,0,0,0,0,0,0,0,,,0.000000,0.000000
Pilgaard Revision V/Elna Pilgaard,17230239,0,0,0,1,1,0,0,0,,,0.000000,0.000000
PJ Revision ApS Registrerede Revisorer,26429862,0,0,0,4,4,0,0,0,,,0.000000,0.000000
PJ Revision Statsautoriseret Revisionsanpartsselskab,33861044,7,0,28,320,355,0,0,0,,,0.000000,0.000000
PK Revision,31495288,1,0,0,1,2,0,0,0,,,0.000000,0.000000
PKF Borup ApS,10290430,0,0,0,37,37,0,0,0,,,0.000000,0.000000
Plan Revision v/Per Petersen,12322143,0,0,23,104,127,0,0,0,,,0.000000,0.000000
Plus Revision,20452897,4,0,32,115,151,0,0,0,,,0.000000,0.000000
PM Revision,15279680,0,0,1,44,45,0,0,0,,,0.000000,0.000000
PN Revision,37522945,23,1,11,58,93,0,0,0,,,0.000000,0.000000
Pommerencke,33878370,0,0,0,0,0,0,0,0,,,0.000000,0.000000
Prima Revision,21356190,2,0,19,138,159,0,0,0,,,0.000000,0.000000
PRO REVISION STATSAUTORISERET ANPARTSSELSKAB,45150437,2,0,11,36,49,0,0,0,,,0.000000,0.000000
Pro-Accounting ApS,38033638,0,0,0,0,0,0,0,0,,,0.000000,0.000000
Profil Revision,59051318,3,0,39,245,287,0,0,0,,,0.000000,0.000000
Pryds,21598402,1,0,0,23,24,0,0,0,,,0.000000,0.000000
PS Revision,28252102,0,0,0,5,5,0,0,0,,,0.000000,0.000000
PT af 27. juli 2004,28148585,1,0,2,26,29,0,0,0,,,0.000000,0.000000
PwC Statsautoriseret Revisionsanpartsselskab,33773188,3,0,0,1,4,0,0,0,,,0.000000,0.000000
Q-Revision,30276019,0,0,2,22,24,0,0,0,,,0.000000,0.000000
R E V I - T E A M,10180384,0,0,0,0,0,0,0,0,,,0.000000,0.000000
R3 Revision,33164076,0,0,7,45,52,0,0,0,,,0.000000,0.000000
Råd & Revision,25593995,0,0,7,60,67,0,0,0,,,0.000000,0.000000
Rådgivning & Revision,10158117,217,2,13,425,657,0,0,0,,,0.000000,0.000000
Rådgivningsgruppen,29316996,0,0,5,28,33,0,0,0,,,0.000000,0.000000
Rasmussen Revision,46408314,0,0,0,0,0,0,0,0,,,0.000000,0.000000
RB Revision,21706833,0,0,2,56,58,0,0,0,,,0.000000,0.000000
Realvision,18216833,8,0,8,70,86,0,0,0,,,0.000000,0.000000
Reg Revisor Uffe Berg Pedersen,12689039,0,0,0,7,7,0,0,0,,,0.000000,0.000000
Reg. Rev. Mogens Møller Nielsen,10261279,0,0,3,15,18,0,0,0,,,0.000000,0.000000
Registreret Revisionsanpartsselskab Flemming Juhl Nielsen,14135308,0,0,9,47,56,0,0,0,,,0.000000,0.000000
Registreret Revisionsanpartsselskab j. Gilbert Nielsen,18137399,2,0,1,2,5,0,0,0,,,0.000000,0.000000
Registreret revisionsfirma Torben Andersen,15681578,0,0,4,31,35,0,0,0,,,0.000000,0.000000
Registreret Revisionsvirksomhed FD Revision,35798153,0,0,0,1,1,0,0,0,,,0.000000,0.000000
Registreret Revisionsvirksomhed Nordskov Revision,30348184,0,0,0,70,70,0,0,0,,,0.000000,0.000000
Registreret Revisionsvirksomhed Peter Oldvig,11759092,0,0,0,0,0,0,0,0,,,0.000000,0.000000
Registreret Revisor Annie Mogensen,11972101,0,0,0,0,0,0,0,0,,,0.000000,0.000000
Registreret Revisor Bjarne Degerth,92943453,0,0,0,0,0,0,0,0,,,0.000000,0.000000
Registreret Revisor Jørgen T. Madsen,75964056,0,0,0,0,0,0,0,0,,,0.000000,0.000000
Registreret Revisor Mads Bødker,14662138,0,0,0,15,15,0,0,0,,,0.000000,0.000000
Registreret revisor Marianne Mortensen,15664908,0,0,0,21,21,0,0,0,,,0.000000,0.000000
Registreret Revisor Mette Storgaard Høffner,18897385,0,0,0,13,13,0,0,0,,,0.000000,0.000000
Registreret revisor Morten Rasmussen,40847170,0,0,0,2,2,0,0,0,,,0.000000,0.000000
Registreret Revisor N. C. Sørensen,17561391,0,0,1,0,1,0,0,0,,,0.000000,0.000000
Registreret Revisor Per Obling,14913572,0,0,0,57,57,0,0,0,,,0.000000,0.000000
Registreret Revisor Per Skaarup Rasmussen,20592699,0,0,0,19,19,0,0,0,,,0.000000,0.000000
Registreret Revisor Peter Rose,50949656,0,0,0,4,4,0,0,0,,,0.000000,0.000000
Registreret Revisor Verner Freundlich Larsen,91778750,0,0,0,0,0,0,0,0,,,0.000000,0.000000
Regn & Råd Mette Jørck,26380898,0,0,0,0,0,0,0,0,,,0.000000,0.000000
Regnskabs- og Revisionskontoret for Storkøbenhavn,37183024,0,5,2,35,42,0,0,0,,,0.000000,0.000000
Regnskabsfabrikanten,38980149,0,0,41,150,191,0,0,0,,,0.000000,0.000000
Regnskabsfirmaet Martin Engbjerg ApS,14165088,0,0,0,26,26,0,0,0,,,0.000000,0.000000
Rehvidsion,82958118,0,0,0,2,2,0,0,0,,,0.000000,0.000000
REV af 22/12 1989 ApS,10741092,0,0,0,0,0,0,0,0,,,0.000000,0.000000
Rev og Råd,32942660,0,0,0,0,0,0,0,0,,,0.000000,0.000000
Revfirma Georg Mathiasen,72430816,36,5,6,46,93,0,0,0,,,0.000000,0.000000
Revice,32291090,2,0,33,203,238,0,0,0,,,0.000000,0.000000
Revico,27795188,1,0,0,1,2,0,0,0,,,0.000000,0.000000
Revicor,13929297,1,0,0,0,1,0,0,0,,,0.000000,0.000000
Revida,87948412,7,4,39,193,243,0,0,0,,,0.000000,0.000000
Revidata,37029815,38,0,30,123,191,0,0,0,,,0.000000,0.000000
ReviDK,36956658,1,0,0,0,1,0,0,0,,,0.000000,0.000000
Revifirmaet,83827815,1,0,0,11,12,0,0,0,,,0.000000,0.000000
REVIFJORD Godkendt Revisionspartnerselskab,44401231,1,0,50,191,242,0,0,0,,,0.000000,0.000000
ReviFyn,41992719,0,0,0,0,0,0,0,0,,,0.000000,0.000000
ReviGroup,39875926,1,0,0,0,1,0,0,0,,,0.000000,0.000000
Revikon,15728000,0,0,0,2,2,0,0,0,,,0.000000,0.000000
ReviNord,16347299,7,0,23,126,156,0,0,0,,,0.000000,0.000000
ReviØst,21164577,2,0,14,54,70,0,0,0,,,0.000000,0.000000
ReviPartner,25112822,0,0,0,0,0,0,0,0,,,0.000000,0.000000
Revipoint,31611520,0,0,0,3,3,0,0,0,,,0.000000,0.000000
Revirk Rådgivning,31934354,0,0,0,1,1,0,0,0,,,0.000000,0.000000
Revirk Rådgivning Statsautoriseret revisionsfirma,20527986,0,0,0,43,43,0,0,0,,,0.000000,0.000000
Revision & Data,12475780,0,0,31,274,305,0,0,0,,,0.000000,0.000000
Revision & Råd,36923318,8,0,78,175,261,0,0,0,,,0.000000,0.000000
REVISION & RÅD STATSAUTORISERET REVISIONSPARTNERSELSKAB,46125894,43,0,268,143,454,0,0,0,,,0.000000,0.000000
Revision 1,91259850,0,0,0,58,58,0,0,0,,,0.000000,0.000000
Revision 1-2-3,10632684,10,0,0,56,66,0,0,0,,,0.000000,0.000000
Revision 2,16968137,43,0,118,261,422,0,0,0,,,0.000000,0.000000
Revision 360 Statsautoriseret Revisionsinteressentskab,44775530,53,0,53,180,286,0,0,0,,,0.000000,0.000000
Revision 80,16728691,0,0,0,0,0,0,0,0,,,0.000000,0.000000
Revision Fyn,31896444,0,0,0,0,0,0,0,0,,,0.000000,0.000000
Revision Hatting,13737096,8,0,6,63,77,0,0,0,,,0.000000,0.000000
Revision Horsens,17275100,0,0,0,51,51,0,0,0,,,0.000000,0.000000
Revision Kjær,33037864,6,0,30,238,274,0,0,0,,,0.000000,0.000000
Revision København Godkendt Revisionspartnerselskab,34619654,32,1,76,305,414,0,0,0,,,0.000000,0.000000
Revision København Statsautoriseret Revisionsanpartsselskab,34452342,0,0,0,0,0,0,0,0,,,0.000000,0.000000
Revision Køge,28053665,0,0,8,30,38,0,0,0,,,0.000000,0.000000
Revision Limfjord,41454555,1,0,0,0,1,0,0,0,,,0.000000,0.000000
Revision Nord,16145084,6,0,16,41,63,0,0,0,,,0.000000,0.000000
Revision Nordjylland,28481160,0,0,0,0,0,0,0,0,,,0.000000,0.000000
Revision Nordjylland Hjørring ApS,40299637,0,0,0,1,1,0,0,0,,,0.000000,0.000000
Revision og Rådgivningsgruppen,33771177,67,0,122,368,557,0,0,0,,,0.000000,0.000000
Revision- og Regnskabskontoret,28902867,26,0,12,122,160,0,0,0,,,0.000000,0.000000
Revision og Review Partner,33082932,0,0,0,0,0,0,0,0,,,0.000000,0.000000
Revision Rosendal,30427483,0,0,0,0,0,0,0,0,,,0.000000,0.000000
Revision Ry & Hammel,26267439,56,0,100,577,733,0,0,0,,,0.000000,0.000000
Revision Ryttergaarden,36908114,0,0,0,88,88,0,0,0,,,0.000000,0.000000
Revision Sjælland,28309791,53,2,126,540,721,0,0,0,,,0.000000,0.000000
REVISION THY Registreret Revisionsanpartsselskab,42825379,8,0,16,81,105,0,0,0,,,0.000000,0.000000
Revision Vadestedet,27433863,41,7,64,154,266,0,0,0,,,0.000000,0.000000
Revision Varde,18072106,0,0,0,0,0,0,0,0,,,0.000000,0.000000
RéVision+,38914766,1,0,0,3,4,0,0,0,,,0.000000,0.000000
ReVision+ Brøndby ApS,20251883,0,0,1,2,3,0,0,0,,,0.000000,0.000000
Revision+ Fyn ApS,42658561,0,0,0,0,0,0,0,0,,,0.000000,0.000000
RéVision+ Statsautoriseret Revisionsanpartsselskab,41695609,24,3,182,724,933,0,0,0,,,0.000000,0.000000
Revisioncentret Tønder/Skærbæk,26812372,15,0,46,134,195,0,0,0,,,0.000000,0.000000
"RevisionPlus, Grindsted",10875781,6,0,1,17,24,0,0,0,,,0.000000,0.000000
Revisionsanpartsselskabet Jens Carl Nielsen,28505159,0,0,6,37,43,0,0,0,,,0.000000,0.000000
Revisionscentralen i Nørre Alslev,71274012,0,0,0,0,0,0,0,0,,,0.000000,0.000000
Revisionscentret 5R Esbjerg,26279534,1,0,35,112,148,0,0,0,,,0.000000,0.000000
Revisions-Centret ApS,41578513,8,0,90,223,321,0,0,0,,,0.000000,0.000000
Revisionscentret Haderslev,13976295,10,0,31,75,116,0,0,0,,,0.000000,0.000000
Revisionscentret Ribe,18936305,5,0,80,237,322,0,0,0,,,0.000000,0.000000
Revisionscentret Sønderborg,38951394,2,1,66,269,338,0,0,0,,,0.000000,0.000000
Revisions-Centret v/Brian Vahlkvist,19723402,0,0,0,0,0,0,0,0,,,0.000000,0.000000
Revisionscentret v/Jesper Thygesen,10352231,0,0,0,165,165,0,0,0,,,0.000000,0.000000
RevisionsCentrum,36493372,0,0,22,140,162,0,0,0,,,0.000000,0.000000
Revisionsfimaet W. Bach Nørgaard,18192195,13,0,9,74,96,0,0,0,,,0.000000,0.000000
Revisionsfirma Bent Madsen,13672970,0,0,0,31,31,0,0,0,,,0.000000,0.000000
Revisionsfirma Børge Lorenzen,18798344,0,0,0,0,0,0,0,0,,,0.000000,0.000000
Revisionsfirma C. & Co,37905305,0,0,0,0,0,0,0,0,,,0.000000,0.000000
Revisionsfirma Ulla Svenningsen,18393387,0,0,0,9,9,0,0,0,,,0.000000,0.000000
Revisionsfirmaet A P MØLLER,72707710,0,0,0,22,22,0,0,0,,,0.000000,0.000000
Revisionsfirmaet Albrechtsen,77926410,156,0,87,336,579,0,0,0,,,0.000000,0.000000
Revisionsfirmaet Allan Bernhard,26688027,0,0,0,2,2,0,0,0,,,0.000000,0.000000
Revisionsfirmaet Arne Bang,78682418,14,0,0,31,45,0,0,0,,,0.000000,0.000000
Revisionsfirmaet Asger Wiuff Andersen,32149863,2,0,0,0,2,0,0,0,,,0.000000,0.000000
Revisionsfirmaet Bayer,15202580,0,0,1,18,19,0,0,0,,,0.000000,0.000000
Revisionsfirmaet Bendt Stendahl,86046717,0,0,0,35,35,0,0,0,,,0.000000,0.000000
Revisionsfirmaet Benny Jensen,17937987,2,2,2,15,21,0,0,0,,,0.000000,0.000000
Revisionsfirmaet Benny Lund Jensen,37230359,0,0,0,7,7,0,0,0,,,0.000000,0.000000
Revisionsfirmaet Bent Jørgensen,57652551,1,0,0,20,21,0,0,0,,,0.000000,0.000000
Revisionsfirmaet Bent Rindom,51229428,0,0,0,0,0,0,0,0,,,0.000000,0.000000
Revisionsfirmaet Chr. Knudsen,21813400,0,0,0,1,1,0,0,0,,,0.000000,0.000000
Revisionsfirmaet Christian Danielsen,16953199,7,0,26,108,141,0,0,0,,,0.000000,0.000000
REVISIONSFIRMAET CLAUS WINKEL ApS,13188491,0,0,0,0,0,0,0,0,,,0.000000,0.000000
Revisionsfirmaet Edelbo & Lund-Larsen,32327249,88,0,14,194,296,0,0,0,,,0.000000,0.000000
Revisionsfirmaet Else Høy,15275677,0,0,0,16,16,0,0,0,,,0.000000,0.000000
Revisionsfirmaet Erik Andersen,15534397,0,0,0,2,2,0,0,0,,,0.000000,0.000000
Revisionsfirmaet Erik Hultquist,15396105,4,0,5,97,106,0,0,0,,,0.000000,0.000000
Revisionsfirmaet Erik Reinsborg,25491742,0,0,0,10,10,0,0,0,,,0.000000,0.000000
Revisionsfirmaet Evan Klarholt,10686504,0,0,0,89,89,0,0,0,,,0.000000,0.000000
Revisionsfirmaet Flemming Hansen,15270144,46,0,5,66,117,0,0,0,,,0.000000,0.000000
Revisionsfirmaet Freddy Rasmussen,15054840,0,0,0,0,0,0,0,0,,,0.000000,0.000000
Revisionsfirmaet Gert Ovesen,13364796,0,1,0,18,19,0,0,0,,,0.000000,0.000000
Revisionsfirmaet Hanne og Erling Lund,35143114,3,1,9,62,75,0,0,0,,,0.000000,0.000000
Revisionsfirmaet Hartvig & Aalund,11157203,12,0,1,70,83,0,0,0,,,0.000000,0.000000
Revisionsfirmaet Henrik Tange,37915718,0,0,0,1,1,0,0,0,,,0.000000,0.000000
Revisionsfirmaet Højmose,30771508,1,0,0,2,3,0,0,0,,,0.000000,0.000000
Revisionsfirmaet Højmose Christiansen ApS,43917455,1,0,0,1,2,0,0,0,,,0.000000,0.000000
Revisionsfirmaet Højmose IVS,36988762,0,0,0,0,0,0,0,0,,,0.000000,0.000000
Revisionsfirmaet Højvar & Skaaning,28248598,0,0,0,2,2,0,0,0,,,0.000000,0.000000
Revisionsfirmaet Irene Sjølin ApS,37470996,0,0,0,0,0,0,0,0,,,0.000000,0.000000
Revisionsfirmaet Ivan Kjeldsen,30613791,22,1,10,123,156,0,0,0,,,0.000000,0.000000
Revisionsfirmaet Jan Kristensen,35383646,12,0,18,114,144,0,0,0,,,0.000000,0.000000
Revisionsfirmaet Jens Søndergaard,18738007,0,0,0,31,31,0,0,0,,,0.000000,0.000000
Revisionsfirmaet Jens Vindfeldt,15897996,0,0,0,10,10,0,0,0,,,0.000000,0.000000
Revisionsfirmaet John Schantz,28312393,20,2,68,318,408,0,0,0,,,0.000000,0.000000
Revisionsfirmaet Jørgen Gilling,18619407,1,0,0,69,70,0,0,0,,,0.000000,0.000000
Revisionsfirmaet Jørgen Larsen,54471556,2,0,8,36,46,0,0,0,,,0.000000,0.000000
Revisionsfirmaet Jørgen Larsen I/S,14678085,4,0,21,64,89,0,0,0,,,0.000000,0.000000
Revisionsfirmaet Kenneth Birkelund,32147437,0,0,0,14,14,0,0,0,,,0.000000,0.000000
Revisionsfirmaet Kim Jacobsen,36065346,1,0,5,50,56,0,0,0,,,0.000000,0.000000
Revisionsfirmaet Kirch Andersen,18288389,0,0,6,62,68,0,0,0,,,0.000000,0.000000
Revisionsfirmaet Kjeldgaard og Thulstrup,25900405,0,0,0,0,0,0,0,0,,,0.000000,0.000000
Revisionsfirmaet KRH,37596272,0,0,0,2,2,0,0,0,,,0.000000,0.000000
Revisionsfirmaet KRH ApS,42040614,0,1,27,191,219,0,0,0,,,0.000000,0.000000
Revisionsfirmaet Kurt Astrup,13068135,0,0,0,0,0,0,0,0,,,0.000000,0.000000
Revisionsfirmaet Lars Bastholm,36696486,6,0,46,44,96,0,0,0,,,0.000000,0.000000
Revisionsfirmaet Lars Bo,27022863,0,0,0,4,4,0,0,0,,,0.000000,0.000000
Revisionsfirmaet Lars Jeppesen,26923891,0,0,1,25,26,0,0,0,,,0.000000,0.000000
Revisionsfirmaet Lars Jeppesen ApS,44585650,11,0,23,272,306,0,0,0,,,0.000000,0.000000
Revisionsfirmaet Lars Olsen,37135119,4,0,189,292,485,0,0,0,,,0.000000,0.000000
Revisionsfirmaet Leif Vesterlund,10092159,0,0,0,0,0,0,0,0,,,0.000000,0.000000
Revisionsfirmaet Lisbeth Bo Jørgensen,14052488,0,0,0,0,0,0,0,0,,,0.000000,0.000000
Revisionsfirmaet Lund & Christiansen,10623685,4,0,5,28,37,0,0,0,,,0.000000,0.000000
Revisionsfirmaet MBP,31167140,11,0,0,0,11,0,0,0,,,0.000000,0.000000
Revisionsfirmaet Mentor,28136196,2,0,16,90,108,0,0,0,,,0.000000,0.000000
Revisionsfirmaet Michael Fræmohs,47808650,0,0,0,15,15,0,0,0,,,0.000000,0.000000
Revisionsfirmaet Mogens Andersen,26386330,0,0,0,0,0,0,0,0,,,0.000000,0.000000
Revisionsfirmaet Morten Schneider,33176996,0,0,0,0,0,0,0,0,,,0.000000,0.000000
Revisionsfirmaet Niels Harder,44682915,0,0,0,0,0,0,0,0,,,0.000000,0.000000
Revisionsfirmaet Niels Ole Hansen,26121884,0,0,0,0,0,0,0,0,,,0.000000,0.000000
Revisionsfirmaet Nielsen & Olesen,21294306,0,0,0,0,0,0,0,0,,,0.000000,0.000000
Revisionsfirmaet Obsen & Nielsen,26399610,2,0,1,12,15,0,0,0,,,0.000000,0.000000
Revisionsfirmaet Ole Dahl,11328881,0,0,0,30,30,0,0,0,,,0.000000,0.000000
Revisionsfirmaet Ole Hansen,12155662,0,0,0,0,0,0,0,0,,,0.000000,0.000000
"Revisionsfirmaet Ole Hansen, Statsautoriseret Revisionsanpartsselskab",17246496,6,0,30,10,46,0,0,0,,,0.000000,0.000000
Revisionsfirmaet Ole Poulsen,32008143,0,0,0,0,0,0,0,0,,,0.000000,0.000000
Revisionsfirmaet Ole Vestergaard,31501741,43,0,14,141,198,0,0,0,,,0.000000,0.000000
Revisionsfirmaet Peder Albertsen,18743396,12,0,1,56,69,0,0,0,,,0.000000,0.000000
Revisionsfirmaet Peder Holt,21872741,1,0,89,190,280,0,0,0,,,0.000000,0.000000
Revisionsfirmaet Per Abelsen,34066698,0,0,1,8,9,0,0,0,,,0.000000,0.000000
Revisionsfirmaet Per Jacobsen,15319887,0,0,0,0,0,0,0,0,,,0.000000,0.000000
Revisionsfirmaet Per Kronborg,26659817,41,0,165,82,288,0,0,0,,,0.000000,0.000000
Revisionsfirmaet Per Steen Hansen,38124315,0,0,0,0,0,0,0,0,,,0.000000,0.000000
Revisionsfirmaet Peter Berg,21052302,2,0,12,36,50,0,0,0,,,0.000000,0.000000
Revisionsfirmaet Peter Deiborg,16346578,3,3,0,2,8,0,0,0,,,0.000000,0.000000
Revisionsfirmaet Peter Høg,65608154,0,0,0,7,7,0,0,0,,,0.000000,0.000000
Revisionsfirmaet Poul Bernhardt Larsen,66660214,0,0,0,0,0,0,0,0,,,0.000000,0.000000
Revisionsfirmaet Poul Rexen Thomsen,81127115,6,0,1,10,17,0,0,0,,,0.000000,0.000000
Revisionsfirmaet Rathmann & Mortensen,27521975,0,0,0,0,0,0,0,0,,,0.000000,0.000000
Revisionsfirmaet Revicon,12707789,0,0,0,55,55,0,0,0,,,0.000000,0.000000
Revisionsfirmaet Seiersen Revision,32697674,9,0,40,227,276,0,0,0,,,0.000000,0.000000
Revisionsfirmaet Søren Askly,39846144,0,0,0,56,56,0,0,0,,,0.000000,0.000000
Revisionsfirmaet Søren Kahr,41832096,0,0,0,14,14,0,0,0,,,0.000000,0.000000
Revisionsfirmaet Svend Dørffer,15659777,17,0,3,94,114,0,0,0,,,0.000000,0.000000
Revisionsfirmaet Svend Rosendahl,11163947,0,0,0,5,5,0,0,0,,,0.000000,0.000000
Revisionsfirmaet Svendsen,34581673,0,0,0,0,0,0,0,0,,,0.000000,0.000000
Revisionsfirmaet Tage Kielsgaard Rasmussen,15137371,0,0,0,0,0,0,0,0,,,0.000000,0.000000
Revisionsfirmaet Tage Sørensen,34879753,13,0,83,203,299,0,0,0,,,0.000000,0.000000
Revisionsfirmaet Tommy Jensen,20082097,0,0,1,1,2,0,0,0,,,0.000000,0.000000
Revisionsfirmaet Tommy Larsen,98727558,1,0,7,142,150,0,0,0,,,0.000000,0.000000
Revisionsfirmaet Torben Langebæk,19697274,0,0,0,0,0,0,0,0,,,0.000000,0.000000
Revisionsfirmaet Torlund,31165571,2,0,14,37,53,0,0,0,,,0.000000,0.000000
Revisionsfirmaet Woiremose & Partner,25735560,0,0,0,155,155,0,0,0,,,0.000000,0.000000
Revisionsfirmaet Zinnsgade,83005815,0,0,0,34,34,0,0,0,,,0.000000,0.000000
Revisionshuset,12848544,0,0,4,23,27,0,0,0,,,0.000000,0.000000
Revisionshuset Tal & Tanker,37315664,68,9,512,1150,1739,0,0,0,,,0.000000,0.000000
RevisionsHuset Viborg v/Leif Aasten,36871644,0,0,0,18,18,0,0,0,,,0.000000,0.000000
RevisionsHuset-Viborg v/Mogens Bech,37054933,1,0,16,27,44,0,0,0,,,0.000000,0.000000
Revisionskontoret,69885055,0,0,4,40,44,0,0,0,,,0.000000,0.000000
REVISIONSKONTORET AF 2004 ApS,13179638,0,0,0,35,35,0,0,0,,,0.000000,0.000000
Revisionskontoret Fredericia-Vejle,32348831,0,0,0,1,1,0,0,0,,,0.000000,0.000000
Revisionskontoret i Asnæs,16603473,1,0,0,30,31,0,0,0,,,0.000000,0.000000
Revisionskontoret i Faxe,16609331,23,0,12,105,140,0,0,0,,,0.000000,0.000000
Revisions-Partner,69305210,54,1,78,394,527,0,0,0,,,0.000000,0.000000
Revisionsselskabet LKG,36735465,0,0,6,0,6,0,0,0,,,0.000000,0.000000
Revisionsselskabet Mougaard,21849588,0,0,0,34,34,0,0,0,,,0.000000,0.000000
Revisionsselskabet v/ Anders Christian Mogensen,48569528,5,1,0,20,26,0,0,0,,,0.000000,0.000000
Revisionvest,11901840,1,0,4,35,40,0,0,0,,,0.000000,0.000000
RéVison+,35465979,0,0,0,0,0,0,0,0,,,0.000000,0.000000
Revisor Finn Erik Rasmussen,54472455,0,0,0,171,171,0,0,0,,,0.000000,0.000000
Revisor Fritzbøger,41982470,0,0,0,16,16,0,0,0,,,0.000000,0.000000
Revisor Gunnar Kjærgaard Larsen,46639715,0,0,0,10,10,0,0,0,,,0.000000,0.000000
Revisor Inge Linkamp ApS,26297974,0,0,0,14,14,0,0,0,,,0.000000,0.000000
Revisor Klaus Johansson,13206090,0,0,0,0,0,0,0,0,,,0.000000,0.000000
Revisor Niels Jørgen Hansen,36333154,0,0,0,0,0,0,0,0,,,0.000000,0.000000
Revisor Nielsen ApS,40832211,0,0,0,0,0,0,0,0,,,0.000000,0.000000
Revisor/Lasse Larsen,70666758,0,0,0,44,44,0,0,0,,,0.000000,0.000000
Revisor1,10740746,0,0,0,0,0,0,0,0,,,0.000000,0.000000
Revisorclaus IVS,37517623,0,0,0,0,0,0,0,0,,,0.000000,0.000000
RevisorDK,38257846,2,0,70,373,445,0,0,0,,,0.000000,0.000000
REVISOREN I SISIMIUT REGISTRERET REVISIONSANPARTSSELSKAB,12506864,0,0,0,0,0,0,0,0,,,0.000000,0.000000
Revisorerne Bastian og Krause,27335616,26,0,17,121,164,0,0,0,,,0.000000,0.000000
Revisorerne i Skals,19952193,12,0,47,232,291,0,0,0,,,0.000000,0.000000
Revisor-fællesskabet af 1976,57981717,5,1,0,15,21,0,0,0,,,0.000000,0.000000
Revisorfirmaet Skov Jeppesen,32688179,0,0,7,14,21,0,0,0,,,0.000000,0.000000
RevisorGården,19720705,0,0,0,14,14,0,0,0,,,0.000000,0.000000
RevisorGården Holbæk A/S,45071391,28,0,125,398,551,0,0,0,,,0.000000,0.000000
Revisorgården i Odense,14335102,0,0,19,84,103,0,0,0,,,0.000000,0.000000
Revisorgården v/Jane Lading Pedersen,16914800,0,0,0,10,10,0,0,0,,,0.000000,0.000000
Revisorgruppen v/Eva Kristensen og Lars Gotfredsen,35071199,21,1,27,129,178,0,0,0,,,0.000000,0.000000
RevisorGruppen v/Lilly Jeppesen,18587246,13,0,46,108,167,0,0,0,,,0.000000,0.000000
Revisorhuset,26593093,0,0,63,206,269,0,0,0,,,0.000000,0.000000
Revisorhuset Halsnæs,20572043,0,3,16,64,83,0,0,0,,,0.000000,0.000000
Revisorhuset Hasselager,12549679,0,0,0,1,1,0,0,0,,,0.000000,0.000000
Revisorhuset Hinnerup,35679154,1,1,55,145,202,0,0,0,,,0.000000,0.000000
Revisorkompagniet,34045607,11,2,49,92,154,0,0,0,,,0.000000,0.000000
Revisor-Team,35519432,0,0,0,0,0,0,0,0,,,0.000000,0.000000
Revisorteamet.dk,31634466,0,0,0,2,2,0,0,0,,,0.000000,0.000000
Revisto I/S,26730597,20,0,0,55,75,0,0,0,,,0.000000,0.000000
ReviTotal Statsautoriseret Revisionsfirma,19857298,6,4,74,250,334,0,0,0,,,0.000000,0.000000
ReviVision,76893713,12,0,47,240,299,0,0,0,,,0.000000,0.000000
Revsbæk Revision,17169483,3,4,31,124,162,0,0,0,,,0.000000,0.000000
RGD REVISIONSPARTNERSELSKAB,30506804,0,0,0,1,1,0,0,0,,,0.000000,0.000000
RH Revision Statsautoriseret Revisionsanpartsselskab,32319998,3,0,3,2,8,0,0,0,,,0.000000,0.000000
Ri Statsautoriseret Revisionspartnerselskab,44528045,111,0,41,161,313,0,0,0,,,0.000000,0.000000
Rigsrevisionen,77806113,1,0,0,0,1,0,0,0,,,0.000000,0.000000
Rinto Godkendt Revisionsvirksomhed,42748668,0,0,0,0,0,0,0,0,,,0.000000,0.000000
Risskov Revision,31574994,0,0,0,0,0,0,0,0,,,0.000000,0.000000
RN - Revision Nordjylland,28966571,0,0,0,134,134,0,0,0,,,0.000000,0.000000
RND Partner,27492487,0,0,28,91,119,0,0,0,,,0.000000,0.000000
Robæk,33946406,29,2,180,320,531,0,0,0,,,0.000000,0.000000
Rödl & Partner Danmark,39188678,37,0,13,45,95,0,0,0,,,0.000000,0.000000
Rønne Revision,74717810,21,0,146,280,447,0,0,0,,,0.000000,0.000000
ROSENLUND FINANS ApS,28153279,0,0,0,0,0,0,0,0,,,0.000000,0.000000
RR Revision v/Benny Jakobsen,73953413,4,0,68,245,317,0,0,0,,,0.000000,0.000000
RSM,25492145,605,27,1366,3031,5029,0,0,0,,,0.000000,0.000000
"Rudersdal Revision, Registrerede revisorer",14792074,2,0,2,19,23,0,0,0,,,0.000000,0.000000
RugaardRevision,29033609,26,0,0,22,48,0,0,0,,,0.000000,0.000000
R-Vision,25107020,0,0,0,9,9,0,0,0,,,0.000000,0.000000
S.J. Revision,25859138,0,0,4,47,51,0,0,0,,,0.000000,0.000000
SAa Revision,34880034,0,0,0,20,20,0,0,0,,,0.000000,0.000000
Sædding Revision,25510461,0,0,0,251,251,0,0,0,,,0.000000,0.000000
Sagro,27428843,0,0,72,126,198,0,0,0,,,0.000000,0.000000
Schmidt Revision,29529507,0,0,7,82,89,0,0,0,,,0.000000,0.000000
"Schwartz, Pio & Co",31933595,0,0,0,0,0,0,0,0,,,0.000000,0.000000
Schyberg Lykke Registreret Revisionsanpartsselskab,32469345,4,1,31,144,180,0,0,0,,,0.000000,0.000000
SEBISA ApS,35207422,0,0,0,0,0,0,0,0,,,0.000000,0.000000
Skanderborg Revision,30607236,0,0,0,23,23,0,0,0,,,0.000000,0.000000
Skatteinform,35394206,6,2,1,43,52,0,0,0,,,0.000000,0.000000
Skoda & Partner,15806206,0,0,0,0,0,0,0,0,,,0.000000,0.000000
SKODSBORG FINANS ApS,35833803,0,0,0,0,0,0,0,0,,,0.000000,0.000000
Skovborg & Co. P/S,41071222,0,0,0,1,1,0,0,0,,,0.000000,0.000000
Slebo Revision Statsautoriseret Revisionsanpartsselskab,44984326,10,2,69,68,149,0,0,0,,,0.000000,0.000000
SMV Regnskab ApS,44662574,0,0,0,0,0,0,0,0,,,0.000000,0.000000
Søby Revisorer,19125742,28,0,155,455,638,0,0,0,,,0.000000,0.000000
Søhøjlandets Rådgivning P/S,45265897,0,0,0,2,2,0,0,0,,,0.000000,0.000000
Søhøjlandets Regnskabskontor,27350755,0,0,0,9,9,0,0,0,,,0.000000,0.000000
Søhøjlandets revision,31888026,0,0,31,19,50,0,0,0,,,0.000000,0.000000
SOKKELUND ApS,32291171,0,0,0,1,1,0,0,0,,,0.000000,0.000000
Solveo Statsautoriseret Revisionspartnerselskab,40844899,0,0,50,138,188,0,0,0,,,0.000000,0.000000
Sømad ApS,38388002,0,0,0,0,0,0,0,0,,,0.000000,0.000000
Sønderjyllands revision,18061635,298,1,579,683,1561,0,0,0,,,0.000000,0.000000
Sønderjysk Landboforening,47437113,0,0,0,0,0,0,0,0,,,0.000000,0.000000
Sønderup,31824559,10,9,31,470,520,0,0,0,,,0.000000,0.000000
Sønderup & Partnere,27905072,5,0,176,258,439,0,0,0,,,0.000000,0.000000
Sønderup Godkendt Revisionsaktieselskab,45907880,145,13,485,659,1302,0,0,0,,,0.000000,0.000000
SR Revision,19536890,26,0,92,194,312,0,0,0,,,0.000000,0.000000
Statsaut. Rev. Jan Vegge,15083743,0,0,0,12,12,0,0,0,,,0.000000,0.000000
Statsaut. Rev. P.B. Matthiesen,70697319,13,0,3,0,16,0,0,0,,,0.000000,0.000000
Statsaut. Revisor G. Holm-Nielsen,38518046,1,0,11,0,12,0,0,0,,,0.000000,0.000000
Statsaut. Revisor J Løbner,29538565,16,0,12,128,156,0,0,0,,,0.000000,0.000000
Statsautoriseret revisionsfirma Bent Andrup,15592354,3,0,0,10,13,0,0,0,,,0.000000,0.000000
Statsautoriseret revisor Aksel Christensen,18770407,0,0,0,0,0,0,0,0,,,0.000000,0.000000
Statsautoriseret revisor Bjarne Bertelsen,13940207,0,0,0,0,0,0,0,0,,,0.000000,0.000000
Statsautoriseret revisor Finn Ellegaard,15935243,0,0,0,0,0,0,0,0,,,0.000000,0.000000
Statsautoriseret revisor Kresten Hyldahl,77931112,0,0,0,0,0,0,0,0,,,0.000000,0.000000
Statsautoriseret Revisor Leif G. Rasmussen,91112353,0,0,0,36,36,0,0,0,,,0.000000,0.000000
Statsautoriseret revisor Michael Stenskrog,30217152,0,0,0,1,1,0,0,0,,,0.000000,0.000000
Statsautoriseret revisor Ole Tønnesen,32821030,12,0,0,17,29,0,0,0,,,0.000000,0.000000
Statsautoriseret revisor Søren Cortsen,27909833,0,0,0,12,12,0,0,0,,,0.000000,0.000000
Status Revision,30707907,11,0,111,432,554,0,0,0,,,0.000000,0.000000
Steen Koch Registrerede revisorer,34894949,0,2,5,27,34,0,0,0,,,0.000000,0.000000
Stjerne Ejendomsservice ApS,38796526,0,0,0,0,0,0,0,0,,,0.000000,0.000000
Svaneke Revision I/S,38294539,0,0,2,0,2,0,0,0,,,0.000000,0.000000
Svaneke Revision v/ Michael Kuhre,13339287,0,0,0,0,0,0,0,0,,,0.000000,0.000000
Syddansk Revision,15681586,0,0,0,1,1,0,0,0,,,0.000000,0.000000
Sydvestjysk Revision ApS Godkendt Revisionsselskab,42044040,4,0,15,39,58,0,0,0,,,0.000000,0.000000
T. Rasmussen Revision,32942490,16,0,1,22,39,0,0,0,,,0.000000,0.000000
Tal & Tanker Nord,35305890,0,0,0,0,0,0,0,0,,,0.000000,0.000000
Talkompagniet,33534841,17,0,101,215,333,0,0,0,,,0.000000,0.000000
Talkymisten v/Reg. revisor Susanne Nielsen,21304476,0,0,0,13,13,0,0,0,,,0.000000,0.000000
Talmennesker,39886227,12,0,51,167,230,0,0,0,,,0.000000,0.000000
Talsnedkeren,36279079,0,0,2,9,11,0,0,0,,,0.000000,0.000000
TALSTABLEREN REGISTRERET REVISIONSANPARTSSELSKAB,26310172,0,0,12,15,27,0,0,0,,,0.000000,0.000000
TANGSTAD - STATSAUTORISERET REVISIONSANPARTSSELSKAB,43661434,0,0,5,98,103,0,0,0,,,0.000000,0.000000
Team Revision,29423989,0,0,0,93,93,0,0,0,,,0.000000,0.000000
Tetras Statsautoriseret Revisionsanpartsselskab,45852652,0,0,1,24,25,0,0,0,,,0.000000,0.000000
THN Revision,32500145,5,2,31,54,92,0,0,0,,,0.000000,0.000000
Thorvald Rein,79355313,0,0,0,0,0,0,0,0,,,0.000000,0.000000
Thrane Consult,32090516,0,0,0,51,51,0,0,0,,,0.000000,0.000000
Thybo Revision,34586977,0,0,0,0,0,0,0,0,,,0.000000,0.000000
TimeVision,38267132,1,1,1,10,13,0,0,0,,,0.000000,0.000000
TimeVision Frederiksberg,31943582,1,0,0,0,1,0,0,0,,,0.000000,0.000000
TJEK Revision & Rådgivning,36563877,20,0,144,383,547,0,0,0,,,0.000000,0.000000
TK Revision,30201795,1,0,1,56,58,0,0,0,,,0.000000,0.000000
Toft Revision,20868546,0,0,4,23,27,0,0,0,,,0.000000,0.000000
Toldbodens Revision & Regnskab,12838840,3,0,0,51,54,0,0,0,,,0.000000,0.000000
Tønder Revision,29142807,55,0,66,327,448,0,0,0,,,0.000000,0.000000
Toprevi,11211585,0,0,0,23,23,0,0,0,,,0.000000,0.000000
Torben Jakobsen,72461312,0,0,0,34,34,0,0,0,,,0.000000,0.000000
Torsten Blichert,90429868,0,0,0,0,0,0,0,0,,,0.000000,0.000000
Torsten Rasmussen,34901295,0,0,0,26,26,0,0,0,,,0.000000,0.000000
Totalrevision Vordingborg,19261735,0,0,1,0,1,0,0,0,,,0.000000,0.000000
Tranberg,26063655,5,0,8,100,113,0,0,0,,,0.000000,0.000000
Trekroner Revision,28991355,151,3,117,312,583,0,0,0,,,0.000000,0.000000
Troense Regnskab & Bogføring,42162752,0,0,0,0,0,0,0,0,,,0.000000,0.000000
TS Revision,37201944,0,0,0,0,0,0,0,0,,,0.000000,0.000000
TT REVISION,29168504,8,0,62,110,180,0,0,0,,,0.000000,0.000000
Ulla Lærke,25768108,0,0,0,0,0,0,0,0,,,0.000000,0.000000
Uniconsult,10510945,0,0,0,13,13,0,0,0,,,0.000000,0.000000
Unik-Revision,17128973,2,0,18,45,65,0,0,0,,,0.000000,0.000000
V & CO,34622310,16,0,65,142,223,0,0,0,,,0.000000,0.000000
Vadskær Krømmelbein,40689745,4,0,86,271,361,0,0,0,,,0.000000,0.000000
Valsgård Revision,27106595,0,0,0,18,18,0,0,0,,,0.000000,0.000000
Vedbæk Revision,14262172,7,0,3,123,133,0,0,0,,,0.000000,0.000000
Vejledal Bogføring og Regnskab,18235307,0,0,0,0,0,0,0,0,,,0.000000,0.000000
velas I/S,30869052,0,1,23,112,136,0,0,0,,,0.000000,0.000000
Vendelbo,10110807,1,0,19,58,78,0,0,0,,,0.000000,0.000000
Vendia Revision og Regnskab,43576577,0,0,0,17,17,0,0,0,,,0.000000,0.000000
VERAX,31140986,0,0,0,5,5,0,0,0,,,0.000000,0.000000
Verifica,33684096,0,0,0,28,28,0,0,0,,,0.000000,0.000000
Veritas,35657975,1,0,0,3,4,0,0,0,,,0.000000,0.000000
Verum Cura,39886871,0,0,0,2,2,0,0,0,,,0.000000,0.000000
"Verum Cura, Godkendt Revisionsanpartsselskab",43340646,20,0,74,154,248,0,0,0,,,0.000000,0.000000
Vestjysk Landboforening,25076079,0,0,0,139,139,0,0,0,,,0.000000,0.000000
VH Revision,17871080,24,0,220,419,663,0,0,0,,,0.000000,0.000000
"Vibs Revision, registreret revisor ApS",39130335,7,0,5,84,96,0,0,0,,,0.000000,0.000000
Vilstad Revision og Regnskabsservice,31888425,0,0,0,19,19,0,0,0,,,0.000000,0.000000
Vistisen & Lunde,35658432,2,0,0,6,8,0,0,0,,,0.000000,0.000000
VKST Revision,34351961,12,2,62,280,356,0,0,0,,,0.000000,0.000000
VL Revision,29817286,0,0,0,0,0,0,0,0,,,0.000000,0.000000
W. Kragh,16206407,24,1,93,221,339,0,0,0,,,0.000000,0.000000
Willads & Vibe-Hastrup,29619670,8,0,86,209,303,0,0,0,,,0.000000,0.000000
Wind Revision,34804699,0,0,0,0,0,0,0,0,,,0.000000,0.000000
Wyrwik,16563579,0,0,0,17,17,0,0,0,,,0.000000,0.000000
