accounting_office,accounting_office_cvr,declaration_count
2+ Revision,39701863,49
2+ Revision Grønland Statsautoriserede Revisorer ApS,42793744,3
2A Revision,37903949,0
2TalRevision,29091331,17
2TalRevision v/Jan Christensen,20935790,0
3H Revision,98088857,0
A Albrechtsen Revision,10291984,0
A Revision,18186144,0
A. Bjørn - Statsautoriseret revisionsanpartsselskab,30898664,0
A4 Revsion,29205043,0
AA revisionsanpartsselskabet,27607764,0
Aaen & Co.,33241763,186
Aage & Povl Holm,14759840,6
Aage Maagensen,12901038,41
ABL Revision,39702215,0
ABM-Revision,29234590,0
Abrahamsen Revision,41109483,6
AB-Revision,26624479,0
AC Revision - Registreret Revisionsanpartsselskab,35050469,0
Activ-Revision,90566059,0
ADDCO P/S Godkendte Revisorer,36464852,21
Addere Revision,34589992,342
Addvisers,32888658,0
Advisor-Revision,34213798,58
Advosion,37557064,77
Afrodite Hår og Trend v/Rita Truelsen,26916402,0
Agenda Revision,32160565,12
Agerbor Gruppen,31742781,1
Agillix Fmba,45000370,0
Agri Nord,29038597,0
AHJ Revision,27489559,0
A-INVEST KONTOR- OG BOGFØRINGSASSISTANCE ApS,19154807,0
aj2,21090174,0
Aktiv Regnskab og Skat,39791374,0
Aktiv Revision og Rådgivning,12488106,0
Aktiv Revision Silkeborg,14788107,7
Albjerg,35382879,347
Alexandersen Revision,11916546,0
Algade Revision,35663916,46
Alpha Revision v/Søren Nymann,38269216,0
Alt i Regnskab & Rådgivning ApS,44405016,0
Alter Audit ApS,44387263,2
Andersen,10108454,0
Andersen & Novakovic statsautoriseret revisionsanpartsselskab,44535122,1
Andersen og Partnere,26668840,2
Andersen Revision,32326706,53
Andersen Revision & Rådgivning,38347799,0
Anker Høst,31626536,7
APEX Statsautoriserede revisorer ApS,42936847,5
A-revisor,29105545,0
ARIES,26454123,25
Aros,29690065,62
Asgård Finans,26186897,0
Asla Revision,28483902,1
Asset,34901694,0
Assistance og rådgivning ApS,21821578,0
Atomwine ApS,37701424,0
Attent Statsautoriseret Revisionsanpartsselskab,36427205,39
Attiri,33357966,5
Audit Advisor ApS,46127307,0
Augusta,36445386,0
B.C. Revision,45556158,0
B.F. Rådgivning Herning,29509026,0
Baagøe Schou,21148148,380
Badsted Revision,10838576,0
Bæk Revision,16557390,0
Baker Tilly Denmark,35257691,806
Barrett revisionsanpartsselskab,28842562,14
BAYER HOLDING ApS,15202548,0
Bays Revisionskontor,20183497,3
BB Revision,27917038,0
BDO,45719375,1310
Beck Mortensen Revision ApS,46505190,0
Beierholm,24207501,0
Beierholm,32895468,6691
BENGT MØLLER REGISTRERET REVISOR,84473413,0
Berg Rådgivning ApS,41234253,0
Bergmann,54213255,0
Betternumbers P/S,42216011,0
BG Statsautoriserede revisorer ApS,43196863,17
BHA Statsautoriseret Revision,18967901,59
BHS,15772573,0
Bidstrup Revision,17578235,0
Bille & Buch-Andersen,18282046,64
Birkebæk Revision,16950394,0
Bisbjerg & Partners P/S,44742969,2
BJ Administration,32651674,0
BJ Regnskab,14327746,22
Bjarke Kjær,31885191,2
Bjarne Bertelsen,28711395,1
Bjarne Engbjerg-Pedersen,16579106,0
BJERGGAARD Regnskab og Rådgivning v/ Steen Bjerggaard,72715454,0
Bjørnlaursen,32671594,52
BK Revision ApS,12140363,0
BK-Revision,12967594,0
Blicher Revision & Rådgivning,78337818,139
BMM Consult,18079739,0
BN Consult,73980828,0
BN Revision,46906012,0
Bogføring / Regnskab,16942375,0
Boreco,36074981,32
Borg Revision v/Olav Borg Christensen,20938692,0
"Bornhøft & Lindemann, Registreret Revisionsanpartsselskab",41672625,0
Bornholms Landbrug & Fødevarer,29441677,0
Bornholms Revision,37858498,30
"Breindal, statsautoriseret revisionsanpartsselskab",41733950,0
Brendstrup Revision,14371435,0
Bro Søndergaard Statsautoriseret Revisionsanpartsselskab,41657332,35
Broernes Revision,27616690,0
"Broernes Revision, Reg Revisorer",14310533,1
Brønshøj Regnskab,36709030,2
Brørup Revisionskontor,13260982,0
Brun Blaa ApS,41815043,0
Buch&Nørgaard,71344517,5
Buller Tex Flemming Olsen,32560164,5
Burholt Revision,20833696,0
BUUS JENSEN I/S STATSAUTORISEREDE REVISORER,36029374,513
C&J Revision,26326931,0
Capture,28126131,2
Carsten Bjørn Jensen,25452313,0
CBK Revision,14604448,22
CCH Revision,27015476,0
CDO Revison,15897473,0
Center Revision Kjellerup,29618038,10
Centerrevision Billund,20806346,0
Centrum Revision v/ Henrik Søeborg,14548599,0
Centrum Revision V/Kurt Håkonsson,17037307,31
Christensen & Kjær,28320124,41
Christensen Kjærulff,15915641,701
City Revision,37048755,0
CJ Partnership,53375812,0
CKF Revision ApS Godkendt revisionsfirma,31782139,0
Claus Carlsen,30553535,0
Complet Revision,30077288,2
COMPTA,25072596,0
Compu Revision,15618175,0
Consens,39751445,9
Counted ApS,46110099,1
CR Revison,31115086,0
Crowe,33256876,267
CTM Revision,33160364,4
CURA Revision,34330042,0
CY Consult ApS,41474084,0
"Dahl, Rask & Partnere",10422183,6
"Dalsgaard, Stahl & Wøldike",21696382,15
Damborg Revision og Rådgivning,15710373,0
Damgaard & Enevoldsen,24257770,0
Damgaard Revision,33074441,15
Danborg Revision,27289940,2
Danica,37603686,7
Danrevi Bramming,24257614,0
Danrevi Løgstør,10019699,2
Danrevi Løgstør,27125611,3
DanRevision Statsautoriseret Revisionsanpartsselskab,41552204,11
Dansk Center Revision,94431468,0
DANSK REVISION A/S,31071097,0
Dansk Revision Aalborg,17835998,36
Dansk Revision Århus,26717671,68
Dansk Revision Brønderslev,14795707,12
Dansk Revision Esbjerg,26993695,28
Dansk Revision Frederikssund,86141019,56
Dansk Revision Hillerød,26580390,70
Dansk Revision Holbæk,28853343,101
Dansk Revision København,32671608,0
Dansk Revision Odense,82218912,68
Dansk Revision Randers,31778530,1
Dansk Revision Roskilde,14678093,153
Dansk Revision Silkeborg,21678309,0
Dansk Revision Skive,25172795,8
Dansk Revision Slagelse,29919801,38
Dansk Revision Søborg,14649905,108
Dansk Revision Sønderborg,30816471,9
Dansk Revision Tønder,33219229,1
Dansk Revision Viborg,20336390,28
Dansk Revision Wulff & Haaning,36920289,32
Dask Gruppen,13889686,0
DataBalance,32983618,0
Datarevision FRR,54504055,0
DAVS,25319435,0
De Små Revisorer ApS,41583479,0
Deko Rådgivning ApS,44387255,0
Deloitte,24213714,0
Deloitte,33963556,4578
Delta Administration,13850232,0
Din Revisor,35407359,0
Din Revisor Amager ApS Godkendte revisorer,44396033,1
Din Revisor Svaneke ApS Godkendte revisorer,45016501,12
Dissing Revision,42395358,0
Djurs Revision,19713830,2
DK Ejendomsadministration & Ejendomsservice ApS,36728027,0
DLBR Revision,32451195,13
DM Revision,14569391,0
"DM Revisionsfirma af 1993, Registreret Revisionsanpartsselskab",39473321,0
Døssing & Partnere,54879911,0
DP Hillerød P/S,42491748,0
DR af 15. august 2016,75938713,0
DR Revision,36479760,1
DSH-Revision,19674193,3
"Dueholm & Partnere, Godkendt Revisionshus",21631930,35
Dupont Revision,26563976,4
Dupont Revision & Rådgivning,26887801,0
DVU,21860506,17
EBK Smørum ApS,43487469,0
EC Økonomi og regnskab,35926585,0
ECO Revision,35891986,0
Ecomentor,26063221,0
Eco-Team,27966675,105
Ecovis Danmark,28939523,81
Egedal Revision,38035169,0
Egelund Revision,20474882,1
Egon Pedersen Revision,88248228,9
Egtved Revisionskontor,27910165,2
EKL Revision,30175859,0
Elisabeth Jessen,11113575,0
Elite-Revision,25477367,0
Ellebæk Revision,26287030,0
Ellebæk Revision godkendt revisionsanpartsselskab,43325000,15
Elley Revision,10938694,0
EMV,35865136,0
EN Frederikshavn,16009644,0
Engelsted Petersen,20658231,0
ERC Revision,34205078,0
eRevision Statsautoriseret Revisionsanpartsselskab,45086607,0
E-Revisor.com,36412143,1
Erhvervs Consult ApS,35868828,9
Erhvervsrevisorerne i Vejle,26273110,13
ERM Horsens,33501188,0
ESSET,27288537,0
Exacta Gruppen,33359128,0
EXACTA REGNSKAB ApS,25914481,0
Exacta Revision ApS,24224724,0
Exante Revision,70694611,0
Excell Revision,32428932,0
EY,30700228,4321
EY,33946171,3
EY,35683194,0
Eybye Invest,27527027,0
F I Revision,12576986,0
F.J. Revision,76534268,0
FC regnskab,36971339,0
FER Fyns Erhvervsrevision,21447587,9
Fetterlein,36081848,4
Fidura Statsautoriseret Revisionsanpartsselskab,45740986,0
Finansion v/ revisor Jens Møller,41418737,0
Firat Group,21617881,0
Fischer & Kragh ApS,38392867,0
FJH Revision,18165406,0
FKS Revision,26306175,0
Flemming Johannsen,31095018,0
FN Revision,29747792,2
Fokusrevision.dk,26996430,0
FP Revision,37381136,1
Funder & Henriksen,29628777,0
Furesø Revision,27969933,0
Fynbo Revision,19706974,0
G2 Revision,32285538,0
GBH Revision & Rådgivning,17610430,6
GE Revision & Rådgivning,25187091,2
Gilfelt Revision,28108303,20
gills-economics,39325608,0
GLB Revision,30821963,1
Global Revision,28121717,1
Glud&Ko,31811694,0
GoAudit,37205907,3
Grant Thornton,34209936,945
Greve Strands Revision,52992753,1
Grønborg Revision,75076118,7
Gronemanns,32563627,0
"Grønlands Revision A/S, statsautoriserede revisorer",41762667,9
Grønlands Revision Godkendt Revisionspartnerselskab,46201515,46
GS Event + Revisionplus,73881412,0
Gundsø Revision,76475512,15
Gunnar Bendixen,71220168,0
GV Revision,25122402,0
H D Consult,27796001,0
Haamann A/S,24256995,0
Haamann Statsautoriseret Revisionspartnerselskab,39408198,32
HALLERUP STATSAUTORISERET REVISOR ApS,79157511,0
Hans Jørgen Nielsen,20080450,0
Harboe Consult,35649417,54
Harboe og B.,33649452,0
Hartvig & Aalund,31478383,0
"Hartzberg+, statsautoriseret revisionsanpartsselskab",40535349,0
HE Revision,29404992,0
Hedelund revision & rådgivning,36762454,0
Helledie Revision,39164388,14
Henrik Blixenkrone Registreret Revisionsanpartsselskab,10477549,0
Henrik Hansen Revision,10054192,0
Hestehavens Revison,31579325,0
HH Bogføring og Regnskab,41316489,0
HJ Revision ApS,38140515,0
HKP Revision,12354746,1
HK-revision,18767333,1
Høffner Revision,76637415,0
Holberg Invest ApS,42657638,0
Holberg revision,35638288,0
Hole Revision,30709470,0
Holm Hansen Statsautoriseret Revisionspartnerselskab,35042520,2
Hovedstadens Revisionshus ApS,36894415,0
HR Revision ApS,46151607,7
Huset Under Linden,73643716,0
HvidebækRevisoren,28931581,0
I.H. Revision v/ Hanne Henningsen,19617203,0
Ib Rohde,30905652,5
IGM Revision v/iben green madsen,52886252,0
IHC Holding Kolding,31501601,0
Inforevision,19263096,1130
Intension,26632315,1
J H Regnskab v/Jan Ekmann Hørsel,20415991,14
J. Aarøe Statsautoriseret Revisionsanpartsselskab,34058059,0
J. S. Jakobsen,15515554,0
Jajaogatterja,40095179,0
JBC Revision v/Jørgen Christensen,25979907,3
JBL Revision,36491817,0
JE Regnskabsservice,17366270,0
"Jens Rye, Statsautoriseret Revisor",41694939,0
Jes Revision,17016334,0
JH Revision,55399719,1
"JHL Revision, Esbjerg",40052992,0
JL Revision,11286380,0
JL Revisorer,31332699,21
"John Dalgaard, Statsautoriseret Revisionsanpartsselskab",27192939,0
Johnny Hansen Registreret Revisionsanpartsselskab,16933503,0
Johnny Kofoed-Jensen,40992138,0
Joost & Partner Registreret Revisionsanpartsselskab,63778710,0
Jørn Haagensen Statsautoriseret Revisionsanpartsselskab,33759231,0
Jørn m. Schmidt Statsautoriseret Revisionsanpartsselskab,28309724,9
JP Management Holding,25709888,0
"JS Revision, Godkendt Revisionsaktieselskab",37999687,115
JST Revision,26344735,0
JT Adviser,14081844,0
JuelViborg,31438748,0
Juul & Blicher ApS,45395634,18
JVBM Revision,36972912,0
Jysk Revision og Rådgivning ApS,43573810,2
K.T. Revision Vejle,70969815,42
K2 TOP Registreret Revisionsanpartsselskab,30175905,0
Kallermann Revision,30195264,282
Kappelskov Revision,11790577,7
Kara Statsautoriseret Revisionsanpartsselskab,45945189,0
Karin Juel Registreret Revisionsvirksomhed,12911580,0
Karleby Revision ApS,26252687,0
Karsten Andersen Registreret Revisionsvirksomhed,34274657,0
Karsten Reher. Revisionsanpartsselskab,76477817,0
Kerteminde Revision v/Charlotte Elwain,29573360,0
Kildebjerg Revision,26631556,0
Kirkhoff,30351002,4
Kjær Revision,37984558,1
Kjeld Linnebjerg Registreret Revisionsanpartsselskab,15587008,0
"Kjeldsen Revision, Statsautoriseret Revisionsanpartsselskab",46115422,1
Klar Revision,35827943,5
Klinkby Revision v/Lars Klinkby,30006674,1
KOA CPH ApS,45107787,4
KOA Rådgivning & Regnskab ApS,78168714,0
Kobstrup,17294431,0
Køge Nord Revision,14149341,0
Kolding Erhvervsservice,30817222,0
Kolding Herreds Landbrugsforening,21111511,7
Kompas Revision,26291593,0
KOMPLEMENTARANPARTSSELSKABET ANDERSEN REVISION,35534156,0
Konde ApS,38575694,0
Kongevejens Revision,25273621,13
Konsulent Jens H. Hedegaard,42746452,0
Korsgaard Revision,13835640,5
Kovsted & Skovgård,38751646,88
KPMG,25578198,501
KPMG KOMPLEMENTARSELSKAB ApS,25504070,1
Kramer Consulting,38654217,0
Kreston AKC,35316957,4
Kreston CM,39463113,317
Kreston JC,27619096,38
Kreston SR,33948794,38
Krogh & Thomsen,19154408,3
Krøyer Pedersen Statsautoriserede Revisorer,89224918,9
Krøyer Pedersen Statsautoriserede Revisorer P/S,45922391,176
Kruse Revision,43113577,0
Krydsrevision,38225804,3
Kvalitetsrevision,36480254,26
Kvist & Jensen,36717785,11
"Kvist & Jensen, Grenaa",27478131,0
Kvist Revision ApS,38818724,0
L.A. Revision,17022970,0
Lægård Revision,18437082,45
Lægers & Tandlægers Revisionskontor,25685229,0
Lægers & Tandlægers Revisionskontor Sjælland,33877390,0
Landbo Limfjord,26243076,0
Landboforeningen Gefion,31123992,0
LandboNord,25049608,0
LandboThy,41946717,0
Landbrugsrådgivning Syd,30719131,0
Landwirtschaftlicher Hauptverein für Nordschleswig,16342718,0
Langelands Revisionscenter,61225811,0
Langelinierevisionen,11303870,0
Lars Ole Wiese,30220331,0
Lars P Revision,33225172,0
"Larsen, Statsautoriseret Revisionsanpartsselskab",45756173,0
LB Revision,14047107,0
LBV ApS,41358513,0
LD&C Statsautoriseret Revisionsanpartsselskab,46080041,0
LDM Revision,19553876,0
Legato Regnskab og bogføring,33836449,0
Leif Mikkelsen & Partnere,32676421,22
Lejenregnskabschef.dk,30563670,0
Lemvigegnens Landboforening,41503610,0
Lerfeldt Revision,20142146,0
Leth & Partnere,32789153,16
Lidegaard Revision & Rådgivning,27096174,9
Lidegaard Revision&Rådgivning,27511511,9
Lillebælt Revision,10122058,0
Linda Lauritsen,37142042,0
Lindeberg Storm Fischer,37821055,82
Lindholm Revision,38248677,0
LJ Revision,28284160,0
Lokal Revision - statsautoriseret revisionsanpartsselskab,41943661,42
Lokalrevision,78646411,5
"Lorentzen & Partners, Statsautoriserede Revisorer ApS",45328988,10
Lou Revision,31579309,25
LP Revision & rådgivning,16368342,3
LPOG ApS,33167288,17
Luni Revision,17811371,5
Luni Revisions Anpartsselskab,28970641,0
Lynge Revisor,31622565,1
Lyngen Revision statsautoriseret revisionsanpartsselskab,35050175,4
MA Revision v/Morten Andersen,12246099,0
"MADS MYRTUE THOMSEN, STATSAUTORISERET REVISIONSANPARTSSELSKAB",28663838,0
Martinsen,32285201,1187
Mazars Statsautoriseret Revisionspartnerselskab,31061741,92
MB Revision ApS,33497326,0
MBA Statsautoriseret Revisionsanpartsselskab,33150482,36
MBL Revision,40375260,0
Meneto Software ApS,39965003,0
Mentor TM,27477933,0
Mer Revision,32344720,0
Michael Kappelhøj,18485907,0
Midt Revision,39065797,0
MN Revision og Rådgivning,30318269,0
MN Revision v/statsaut. revisor Mogens Nielsen,15656042,0
Mogens Kibsgaard. Statsautoriseretrevisionsanpartsselskab,67425618,12
Møller & Co.,20716142,0
Møller & Madsen,30835654,1
Møller-Jensen Statsautoriseret Revisionsanpartsselskab,68497817,5
Momentum Revision,35238050,13
MP Revision,14119507,0
MPB Consult,30956400,0
MPH Business Consulting ApS,37654728,0
MQ Revision,16147591,0
MS Revision ApS,40032622,2
MTMLB,36909935,2
Multi Revision,31929342,1
Multi Revision Ballerup,15553782,0
MunkStrunge,33088205,2
N. K. Mortensen A/S Registrerede Revisorer,66090116,0
N. K. Mortensen Reg. Revisor ApS,42975958,0
N.G. Christensen Statsautoriseret Revisionsanpartsselskab,38695916,7
Nærrevision,17524305,69
National Revision,25635868,1
ND REVISION SØNDERBORG ApS,56387013,0
Nejstgaard & Vetlov,12868693,66
Nem Revisor ApS,35235892,11
Nemli & Partnere Statsautoriserede Revisorer ApS,43514172,1
NET-Revision,29389918,0
Nexø Revision A/S,41998407,0
Next Stage Ventures ApS,37519111,0
nf plus,27495753,0
NF Plus Revision,36031719,1
Nigelema v/Niels Lemmeke Madsen,20113138,2
Nils Knudsen NK - REVI,11524192,0
Noe & Kirkegaard,15050586,0
Nørbak,33065272,0
NORDISK ELEMENT BYG A/S,32287913,0
Nordisk Revision Godkendt Revisionsanpartsselskab,41835303,0
Nordjysk Revision HJ,33064543,0
Nordkyst Revision Godkendt Revisionspartnerselskab,37605255,13
Nordland Revision-Nordland,25518942,0
Nordmors Revision v/Peter Djernes,19941442,6
Nørgaard Revision,31131928,0
Nørgaard Schultz Godkendt Revisionsanpartsselskab,43629379,0
NPM Quality Management ApS,32825915,0
NU-REVI,29839328,4
NUUK REVISION ApS,12479077,0
Nyborg Erhvervsrevision,30546792,4
OBK Revision,68216214,0
Ødegaard Statsautoriseret Revisionsanpartsselskab,44304635,1
Øernes Revision,37121924,36
Økonomihuset,28368410,0
OL Revision,10841976,0
ON Regnskab & Rådgivning,40748083,0
One Revision,39090279,0
ON-Erklæring ApS,41210974,0
ONreVISION,33043163,0
Optimal Revision,19233383,29
Øresund Revision Statsautoriseret Revisionsanpartsselskab,40127720,14
Osmark,27135730,1
Østdansk Landboforening,20835400,0
Ostenfeld Revision,36071281,1
Østrup,32774296,0
Oxenvads Regnskabsservice ApS,12741766,0
OX-INVEST ApS,20799544,0
Pandrup Revision,38897713,0
Parker Randall,26998549,0
Partner Revision,15807776,893
Patriotisk Selskab,61676228,3
PC-Revision Gentofte,30969103,2
PDG-Revision,36490977,0
Peter Madsen Registreret Revisionsanpartsselskab,25362403,0
PHA Revision,11392903,0
Piaster Revisorerne,25160037,219
Pibe Mølle Revision,19123286,0
Pilgaard Revision V/Elna Pilgaard,17230239,0
PJ Revision ApS Registrerede Revisorer,26429862,0
PJ Revision Statsautoriseret Revisionsanpartsselskab,33861044,7
PK Revision,31495288,1
PKF Borup ApS,10290430,0
PKF Munkebo Vindelev,14119299,495
Plan Revision v/Per Petersen,12322143,0
Plus Revision,20452897,4
PM Revision,15279680,0
PN Revision,37522945,23
Pommerencke,33878370,0
Powered-By Statsautoriseret Revisionspartnerselskab,44282380,15
PricewaterhouseCoopers,33771231,5714
Prima Revision,21356190,2
PRO REVISION STATSAUTORISERET ANPARTSSELSKAB,45150437,2
Pro-Accounting ApS,38033638,0
Profil Revision,59051318,3
Pryds,21598402,1
PS Revision,28252102,0
PT af 27. juli 2004,28148585,1
PwC Statsautoriseret Revisionsanpartsselskab,33773188,3
Q-Revision,30276019,0
R E V I - T E A M,10180384,0
R3 Revision,33164076,0
Råd & Revision,25593995,0
Rådgivning & Revision,10158117,217
Rådgivningsgruppen,29316996,0
Rasmussen Revision,46408314,0
RB Revision,21706833,0
Realvision,18216833,8
Redmark,29442789,1356
Reg Revisor Uffe Berg Pedersen,12689039,0
Reg. Rev. Mogens Møller Nielsen,10261279,0
Registreret Revisionsanpartsselskab Flemming Juhl Nielsen,14135308,0
Registreret Revisionsanpartsselskab j. Gilbert Nielsen,18137399,2
Registreret revisionsfirma Torben Andersen,15681578,0
Registreret Revisionsvirksomhed FD Revision,35798153,0
Registreret Revisionsvirksomhed Nordskov Revision,30348184,0
Registreret Revisionsvirksomhed Peter Oldvig,11759092,0
Registreret Revisor Annie Mogensen,11972101,0
Registreret Revisor Bjarne Degerth,92943453,0
Registreret Revisor Jørgen T. Madsen,75964056,0
Registreret Revisor Mads Bødker,14662138,0
Registreret revisor Marianne Mortensen,15664908,0
Registreret Revisor Mette Storgaard Høffner,18897385,0
Registreret revisor Morten Rasmussen,40847170,0
Registreret Revisor N. C. Sørensen,17561391,0
Registreret Revisor Per Obling,14913572,0
Registreret Revisor Per Skaarup Rasmussen,20592699,0
Registreret Revisor Peter Rose,50949656,0
Registreret Revisor Verner Freundlich Larsen,91778750,0
Regn & Råd Mette Jørck,26380898,0
Regnskabs- og Revisionskontoret for Storkøbenhavn,37183024,0
Regnskabsfabrikanten,38980149,0
Regnskabsfirmaet Martin Engbjerg ApS,14165088,0
Rehvidsion,82958118,0
REV af 22/12 1989 ApS,10741092,0
Rev og Råd,32942660,0
Revfirma Georg Mathiasen,72430816,36
Revice,32291090,2
Revico,27795188,1
Revicor,13929297,1
Revida,87948412,7
Revidata,37029815,38
ReviDK,36956658,1
Revifirmaet,83827815,1
REVIFJORD Godkendt Revisionspartnerselskab,44401231,1
ReviFyn,41992719,0
ReviGroup,39875926,1
Revikon,15728000,0
Revimidt,34480370,11
ReviNord,16347299,7
ReviØst,21164577,2
ReviPartner,25112822,0
Revipoint,31611520,0
Revirk Rådgivning,31934354,0
Revirk Rådgivning Statsautoriseret revisionsfirma,20527986,0
Revision & Data,12475780,0
Revision & Råd,36923318,8
REVISION & RÅD STATSAUTORISERET REVISIONSPARTNERSELSKAB,46125894,43
Revision 1,91259850,0
Revision 1-2-3,10632684,10
Revision 2,16968137,43
Revision 360 Statsautoriseret Revisionsinteressentskab,44775530,53
Revision 80,16728691,0
Revision Fyn,31896444,0
Revision Hatting,13737096,8
Revision Horsens,17275100,0
Revision Kjær,33037864,6
Revision København Godkendt Revisionspartnerselskab,34619654,32
Revision København Statsautoriseret Revisionsanpartsselskab,34452342,0
Revision Køge,28053665,0
Revision Limfjord,41454555,1
Revision Nord,16145084,6
Revision Nordjylland,28481160,0
Revision Nordjylland Hjørring ApS,40299637,0
Revision og Rådgivningsgruppen,33771177,67
Revision- og Regnskabskontoret,28902867,26
Revision og Review Partner,33082932,0
Revision Rosendal,30427483,0
Revision Ry & Hammel,26267439,56
Revision Ryttergaarden,36908114,0
Revision Sjælland,28309791,53
REVISION THY Registreret Revisionsanpartsselskab,42825379,8
Revision Vadestedet,27433863,41
Revision Varde,18072106,0
RéVision+,38914766,1
ReVision+ Brøndby ApS,20251883,0
Revision+ Fyn ApS,42658561,0
RéVision+ Statsautoriseret Revisionsanpartsselskab,41695609,24
Revisioncentret Tønder/Skærbæk,26812372,15
"RevisionPlus, Grindsted",10875781,6
Revisionsanpartsselskabet Jens Carl Nielsen,28505159,0
Revisionscentralen i Nørre Alslev,71274012,0
Revisionscentret 5R Esbjerg,26279534,1
Revisionscentret Aabenraa,29695636,37
Revisions-Centret ApS,41578513,8
Revisionscentret Haderslev,13976295,10
Revisionscentret Ribe,18936305,5
Revisionscentret Sønderborg,38951394,2
Revisions-Centret v/Brian Vahlkvist,19723402,0
Revisionscentret v/Jesper Thygesen,10352231,0
RevisionsCentrum,36493372,0
Revisionsfimaet W. Bach Nørgaard,18192195,13
Revisionsfirma Bent Madsen,13672970,0
Revisionsfirma Børge Lorenzen,18798344,0
Revisionsfirma C. & Co,37905305,0
Revisionsfirma Ulla Svenningsen,18393387,0
Revisionsfirmaet A P MØLLER,72707710,0
Revisionsfirmaet Albrechtsen,77926410,156
Revisionsfirmaet Allan Bernhard,26688027,0
Revisionsfirmaet Arne Bang,78682418,14
Revisionsfirmaet Asger Wiuff Andersen,32149863,2
Revisionsfirmaet Axel Gram,16645699,1
Revisionsfirmaet Bayer,15202580,0
Revisionsfirmaet Bendt Stendahl,86046717,0
Revisionsfirmaet Benny Jensen,17937987,2
Revisionsfirmaet Benny Lund Jensen,37230359,0
Revisionsfirmaet Bent Jørgensen,57652551,1
Revisionsfirmaet Bent Rindom,51229428,0
Revisionsfirmaet Chr. Knudsen,21813400,0
Revisionsfirmaet Christian Danielsen,16953199,7
REVISIONSFIRMAET CLAUS WINKEL ApS,13188491,0
Revisionsfirmaet Edelbo,35486178,429
Revisionsfirmaet Edelbo & Lund-Larsen,32327249,88
Revisionsfirmaet Else Høy,15275677,0
Revisionsfirmaet Erik Andersen,15534397,0
Revisionsfirmaet Erik Hultquist,15396105,4
Revisionsfirmaet Erik Reinsborg,25491742,0
Revisionsfirmaet Evan Klarholt,10686504,0
Revisionsfirmaet Flemming Hansen,15270144,46
Revisionsfirmaet Freddy Rasmussen,15054840,0
Revisionsfirmaet Gert Ovesen,13364796,0
Revisionsfirmaet Gutfelt,13254192,5
Revisionsfirmaet Hanne og Erling Lund,35143114,3
Revisionsfirmaet Hartvig & Aalund,11157203,12
Revisionsfirmaet Henrik Tange,37915718,0
Revisionsfirmaet Højmose,30771508,1
Revisionsfirmaet Højmose Christiansen ApS,43917455,1
Revisionsfirmaet Højmose IVS,36988762,0
Revisionsfirmaet Højvar & Skaaning,28248598,0
Revisionsfirmaet Irene Sjølin ApS,37470996,0
Revisionsfirmaet Ivan Kjeldsen,30613791,22
Revisionsfirmaet Jan Kristensen,35383646,12
Revisionsfirmaet Jens Søndergaard,18738007,0
Revisionsfirmaet Jens Vindfeldt,15897996,0
Revisionsfirmaet John Schantz,28312393,20
Revisionsfirmaet Jørgen Gilling,18619407,1
Revisionsfirmaet Jørgen Larsen,54471556,2
Revisionsfirmaet Jørgen Larsen I/S,14678085,4
Revisionsfirmaet Kenneth Birkelund,32147437,0
Revisionsfirmaet Kim Jacobsen,36065346,1
Revisionsfirmaet Kirch Andersen,18288389,0
Revisionsfirmaet Kjeldgaard og Thulstrup,25900405,0
Revisionsfirmaet KRH,37596272,0
Revisionsfirmaet KRH ApS,42040614,0
Revisionsfirmaet Kurt Astrup,13068135,0
Revisionsfirmaet Lars Bastholm,36696486,6
Revisionsfirmaet Lars Bo,27022863,0
Revisionsfirmaet Lars Jeppesen,26923891,0
Revisionsfirmaet Lars Jeppesen ApS,44585650,11
Revisionsfirmaet Lars Olsen,37135119,4
Revisionsfirmaet Leif Vesterlund,10092159,0
Revisionsfirmaet Lisbeth Bo Jørgensen,14052488,0
Revisionsfirmaet Lund & Christiansen,10623685,4
Revisionsfirmaet MBP,31167140,11
Revisionsfirmaet Mentor,28136196,2
Revisionsfirmaet Michael Fræmohs,47808650,0
Revisionsfirmaet Mogens Andersen,26386330,0
Revisionsfirmaet Morten Schneider,33176996,0
Revisionsfirmaet Niels Harder,44682915,0
Revisionsfirmaet Niels Ole Hansen,26121884,0
Revisionsfirmaet Nielsen & Olesen,21294306,0
Revisionsfirmaet Obsen & Nielsen,26399610,2
Revisionsfirmaet Ole Dahl,11328881,0
Revisionsfirmaet Ole Hansen,12155662,0
"Revisionsfirmaet Ole Hansen, Statsautoriseret Revisionsanpartsselskab",17246496,6
Revisionsfirmaet Ole Poulsen,32008143,0
Revisionsfirmaet Ole Vestergaard,31501741,43
Revisionsfirmaet Peder Albertsen,18743396,12
Revisionsfirmaet Peder Holt,21872741,1
Revisionsfirmaet Per Abelsen,34066698,0
Revisionsfirmaet Per Jacobsen,15319887,0
Revisionsfirmaet Per Kronborg,26659817,41
Revisionsfirmaet Per Steen Hansen,38124315,0
Revisionsfirmaet Peter Berg,21052302,2
Revisionsfirmaet Peter Deiborg,16346578,3
Revisionsfirmaet Peter Høg,65608154,0
Revisionsfirmaet Poul Bernhardt Larsen,66660214,0
Revisionsfirmaet Poul Rexen Thomsen,81127115,6
Revisionsfirmaet Rathmann & Mortensen,27521975,0
Revisionsfirmaet Revicon,12707789,0
Revisionsfirmaet Seiersen Revision,32697674,9
Revisionsfirmaet Søren Askly,39846144,0
Revisionsfirmaet Søren Kahr,41832096,0
Revisionsfirmaet Svend Dørffer,15659777,17
Revisionsfirmaet Svend Rosendahl,11163947,0
Revisionsfirmaet Svendsen,34581673,0
Revisionsfirmaet Tage Kielsgaard Rasmussen,15137371,0
Revisionsfirmaet Tage Sørensen,34879753,13
Revisionsfirmaet Tommy Jensen,20082097,0
Revisionsfirmaet Tommy Larsen,98727558,1
Revisionsfirmaet Torben Langebæk,19697274,0
Revisionsfirmaet Torlund,31165571,2
Revisionsfirmaet Woiremose & Partner,25735560,0
Revisionsfirmaet Zinnsgade,83005815,0
Revisionshuset,12848544,0
Revisionshuset Tal & Tanker,37315664,68
RevisionsHuset Viborg v/Leif Aasten,36871644,0
RevisionsHuset-Viborg v/Mogens Bech,37054933,1
Revisionskontoret,69885055,0
REVISIONSKONTORET AF 2004 ApS,13179638,0
Revisionskontoret Fredericia-Vejle,32348831,0
Revisionskontoret i Asnæs,16603473,1
Revisionskontoret i Faxe,16609331,23
Revisions-Partner,69305210,54
Revisionsselskabet LKG,36735465,0
Revisionsselskabet Mougaard,21849588,0
Revisionsselskabet v/ Anders Christian Mogensen,48569528,5
Revisionvest,11901840,1
RéVison+,35465979,0
Revisor Finn Erik Rasmussen,54472455,0
Revisor Fritzbøger,41982470,0
Revisor Gunnar Kjærgaard Larsen,46639715,0
Revisor Inge Linkamp ApS,26297974,0
Revisor Klaus Johansson,13206090,0
Revisor Niels Jørgen Hansen,36333154,0
Revisor Nielsen ApS,40832211,0
Revisor/Lasse Larsen,70666758,0
Revisor1,10740746,0
Revisorclaus IVS,37517623,0
RevisorDK,38257846,2
REVISOREN I SISIMIUT REGISTRERET REVISIONSANPARTSSELSKAB,12506864,0
Revisorerne Bastian og Krause,27335616,26
Revisorerne i Skals,19952193,12
Revisor-fællesskabet af 1976,57981717,5
Revisorfirmaet Skov Jeppesen,32688179,0
RevisorGården,19720705,0
RevisorGården Holbæk A/S,45071391,28
Revisorgården i Odense,14335102,0
Revisorgården v/Jane Lading Pedersen,16914800,0
Revisorgruppen v/Eva Kristensen og Lars Gotfredsen,35071199,21
RevisorGruppen v/Lilly Jeppesen,18587246,13
Revisorhuset,26593093,0
Revisorhuset Halsnæs,20572043,0
Revisorhuset Hasselager,12549679,0
Revisorhuset Hinnerup,35679154,1
Revisorkompagniet,34045607,11
Revisor-Team,35519432,0
Revisorteamet.dk,31634466,0
Revisto I/S,26730597,20
ReviTotal Statsautoriseret Revisionsfirma,19857298,6
ReviVision,76893713,12
Revsbæk Revision,17169483,3
RGD REVISIONSPARTNERSELSKAB,30506804,0
RH Revision Statsautoriseret Revisionsanpartsselskab,32319998,3
Ri Statsautoriseret Revisionspartnerselskab,44528045,111
"Ri, Statsautoriseret Revisionsaktieselskab",53371914,0
Rigsrevisionen,77806113,1
Rinto Godkendt Revisionsvirksomhed,42748668,0
Risskov Revision,31574994,0
RN - Revision Nordjylland,28966571,0
RND Partner,27492487,0
Robæk,33946406,29
Rödl & Partner Danmark,39188678,37
Roesgaard,37543128,860
Rønne Revision,74717810,21
ROSENLUND FINANS ApS,28153279,0
RR Revision v/Benny Jakobsen,73953413,4
RSM,25492145,605
"Rudersdal Revision, Registrerede revisorer",14792074,2
RugaardRevision,29033609,26
R-Vision,25107020,0
S.J. Revision,25859138,0
SAa Revision,34880034,0
Sædding Revision,25510461,0
Sagro,27428843,0
Schmidt Revision,29529507,0
"Schwartz, Pio & Co",31933595,0
Schyberg Lykke Registreret Revisionsanpartsselskab,32469345,4
SEBISA ApS,35207422,0
Skanderborg Revision,30607236,0
Skatteinform,35394206,6
Skoda & Partner,15806206,0
SKODSBORG FINANS ApS,35833803,0
Skov Revision,27525989,8
Skovborg & Co. P/S,41071222,0
Slebo Revision Statsautoriseret Revisionsanpartsselskab,44984326,10
SMV Regnskab ApS,44662574,0
Søby Revisorer,19125742,28
Søhøjlandets Rådgivning P/S,45265897,0
Søhøjlandets Regnskabskontor,27350755,0
Søhøjlandets revision,31888026,0
SOKKELUND ApS,32291171,0
Solveo Statsautoriseret Revisionspartnerselskab,40844899,0
Sømad ApS,38388002,0
Sønderjyllands revision,18061635,298
Sønderjysk Landboforening,47437113,0
Sønderup,31824559,10
Sønderup & Partnere,27905072,5
Sønderup Godkendt Revisionsaktieselskab,45907880,145
SR Revision,19536890,26
Statsaut. Rev. Jan Vegge,15083743,0
Statsaut. Rev. P.B. Matthiesen,70697319,13
Statsaut. Revisor G. Holm-Nielsen,38518046,1
Statsaut. Revisor J Løbner,29538565,16
Statsautoriseret revisionsfirma Bent Andrup,15592354,3
Statsautoriseret revisor Aksel Christensen,18770407,0
Statsautoriseret revisor Bjarne Bertelsen,13940207,0
Statsautoriseret revisor Finn Ellegaard,15935243,0
Statsautoriseret revisor Kresten Hyldahl,77931112,0
Statsautoriseret Revisor Leif G. Rasmussen,91112353,0
Statsautoriseret revisor Michael Stenskrog,30217152,0
Statsautoriseret revisor Ole Tønnesen,32821030,12
Statsautoriseret revisor Søren Cortsen,27909833,0
Status Revision,30707907,11
Steen Koch Registrerede revisorer,34894949,0
Stjerne Ejendomsservice ApS,38796526,0
Svaneke Revision I/S,38294539,0
Svaneke Revision v/ Michael Kuhre,13339287,0
Syddansk Revision,15681586,0
Sydvestjysk Revision ApS Godkendt Revisionsselskab,42044040,4
T. Rasmussen Revision,32942490,16
Tal & Tanker Nord,35305890,0
Talkompagniet,33534841,17
Talkymisten v/Reg. revisor Susanne Nielsen,21304476,0
Talmennesker,39886227,12
Talsnedkeren,36279079,0
TALSTABLEREN REGISTRERET REVISIONSANPARTSSELSKAB,26310172,0
TANGSTAD - STATSAUTORISERET REVISIONSANPARTSSELSKAB,43661434,0
Team Revision,29423989,0
Tetras Statsautoriseret Revisionsanpartsselskab,45852652,0
THN Revision,32500145,5
Thorvald Rein,79355313,0
Thrane Consult,32090516,0
Thybo Revision,34586977,0
TimeVision,38267132,1
TimeVision Frederiksberg,31943582,1
TJEK Revision & Rådgivning,36563877,20
TK Revision,30201795,1
Toft Revision,20868546,0
Toldbodens Revision & Regnskab,12838840,3
Tønder Revision,29142807,55
Toprevi,11211585,0
Torben Jakobsen,72461312,0
Torsten Blichert,90429868,0
Torsten Rasmussen,34901295,0
Totalrevision Vordingborg,19261735,0
Tranberg,26063655,5
Trekroner Revision,28991355,151
Troense Regnskab & Bogføring,42162752,0
TS Revision,37201944,0
TT REVISION,29168504,8
Ukendt revisorfirma,Ukendt revisorfirma,8
Ulla Lærke,25768108,0
Ullits & Winther,32093272,151
Uniconsult,10510945,0
Unik-Revision,17128973,2
V & CO,34622310,16
Vadskær Krømmelbein,40689745,4
Valsgård Revision,27106595,0
Vedbæk Revision,14262172,7
Vejledal Bogføring og Regnskab,18235307,0
velas I/S,30869052,0
Vendelbo,10110807,1
Vendia Revision og Regnskab,43576577,0
VERAX,31140986,0
Verifica,33684096,0
Veritas,35657975,1
Verum Cura,39886871,0
"Verum Cura, Godkendt Revisionsanpartsselskab",43340646,20
Vestjysk Landboforening,25076079,0
VH Revision,17871080,24
"Vibs Revision, registreret revisor ApS",39130335,7
Vilstad Revision og Regnskabsservice,31888425,0
Vistisen & Lunde,35658432,2
VKST Revision,34351961,12
VL Revision,29817286,0
W. Kragh,16206407,24
Willads & Vibe-Hastrup,29619670,8
Wind Revision,34804699,0
Wyrwik,16563579,0
